{
  "exportVersion": "2.6",
  "date": "2025-07-21",
  "summary": {
    "startTime": "00:00:00.000",
    "endTime": "06:20:30.000",
    "stepCount": 9541,
    "stepsDistance": 8134.06201171875,
    "calories": 1136,
    "sleepQuality": 0.0,
    "sleepDuration": "PT0S",
    "inactivityAlertCount": 0,
    "dailyMetMinutes": 354.4625000000008,
    "activityLevels": [
      {
        "level": "NO_DATA",
        "duration": "PT0S"
      },
      {
        "level": "SLEEP",
        "duration": "PT510S"
      },
      {
        "level": "SEDENTARY",
        "duration": "PT150S"
      },
      {
        "level": "LIGHT",
        "duration": "PT480S"
      },
      {
        "level": "CONTINUOS_MODERATE",
        "duration": "PT1620S"
      },
      {
        "level": "INTERMITTENT_MODERATE",
        "duration": "PT0S"
      },
      {
        "level": "CONTINUOS_VIGOROUS",
        "duration": "PT3540S"
      },
      {
        "level": "INTERMITTENT_VIGOROUS",
        "duration": "PT0S"
      },
      {
        "level": "NON_WEAR",
        "duration": "PT16530S"
      }
    ]
  },
  "samples": {
    "mets": [
      {
        "localTime": "00:00:00.000",
        "value": 0.875
      },
      {
        "localTime": "00:00:30.000",
        "value": 0.875
      },
      {
        "localTime": "00:01:00.000",
        "value": 0.875
      },
      {
        "localTime": "00:01:30.000",
        "value": 0.875
      },
      {
        "localTime": "00:02:00.000",
        "value": 0.875
      },
      {
        "localTime": "00:02:30.000",
        "value": 0.875
      },
      {
        "localTime": "00:03:00.000",
        "value": 0.875
      },
      {
        "localTime": "00:03:30.000",
        "value": 0.875
      },
      {
        "localTime": "00:04:00.000",
        "value": 0.875
      },
      {
        "localTime": "00:04:30.000",
        "value": 0.875
      },
      {
        "localTime": "00:05:00.000",
        "value": 0.875
      },
      {
        "localTime": "00:05:30.000",
        "value": 0.875
      },
      {
        "localTime": "00:06:00.000",
        "value": 0.875
      },
      {
        "localTime": "00:06:30.000",
        "value": 0.875
      },
      {
        "localTime": "00:07:00.000",
        "value": 0.875
      },
      {
        "localTime": "00:07:30.000",
        "value": 0.875
      },
      {
        "localTime": "00:08:00.000",
        "value": 0.875
      },
      {
        "localTime": "00:08:30.000",
        "value": 0.875
      },
      {
        "localTime": "00:09:00.000",
        "value": 0.875
      },
      {
        "localTime": "00:09:30.000",
        "value": 0.875
      },
      {
        "localTime": "00:10:00.000",
        "value": 0.875
      },
      {
        "localTime": "00:10:30.000",
        "value": 0.875
      },
      {
        "localTime": "00:11:00.000",
        "value": 0.875
      },
      {
        "localTime": "00:11:30.000",
        "value": 0.875
      },
      {
        "localTime": "00:12:00.000",
        "value": 0.875
      },
      {
        "localTime": "00:12:30.000",
        "value": 0.875
      },
      {
        "localTime": "00:13:00.000",
        "value": 0.875
      },
      {
        "localTime": "00:13:30.000",
        "value": 0.875
      },
      {
        "localTime": "00:14:00.000",
        "value": 0.875
      },
      {
        "localTime": "00:14:30.000",
        "value": 0.875
      },
      {
        "localTime": "00:15:00.000",
        "value": 0.875
      },
      {
        "localTime": "00:15:30.000",
        "value": 0.875
      },
      {
        "localTime": "00:16:00.000",
        "value": 0.875
      },
      {
        "localTime": "00:16:30.000",
        "value": 0.875
      },
      {
        "localTime": "00:17:00.000",
        "value": 0.875
      },
      {
        "localTime": "00:17:30.000",
        "value": 0.875
      },
      {
        "localTime": "00:18:00.000",
        "value": 0.875
      },
      {
        "localTime": "00:18:30.000",
        "value": 0.875
      },
      {
        "localTime": "00:19:00.000",
        "value": 0.875
      },
      {
        "localTime": "00:19:30.000",
        "value": 0.875
      },
      {
        "localTime": "00:20:00.000",
        "value": 0.875
      },
      {
        "localTime": "00:20:30.000",
        "value": 0.875
      },
      {
        "localTime": "00:21:00.000",
        "value": 0.875
      },
      {
        "localTime": "00:21:30.000",
        "value": 0.875
      },
      {
        "localTime": "00:22:00.000",
        "value": 0.875
      },
      {
        "localTime": "00:22:30.000",
        "value": 0.875
      },
      {
        "localTime": "00:23:00.000",
        "value": 0.875
      },
      {
        "localTime": "00:23:30.000",
        "value": 0.875
      },
      {
        "localTime": "00:24:00.000",
        "value": 0.875
      },
      {
        "localTime": "00:24:30.000",
        "value": 0.875
      },
      {
        "localTime": "00:25:00.000",
        "value": 0.875
      },
      {
        "localTime": "00:25:30.000",
        "value": 0.875
      },
      {
        "localTime": "00:26:00.000",
        "value": 0.875
      },
      {
        "localTime": "00:26:30.000",
        "value": 0.875
      },
      {
        "localTime": "00:27:00.000",
        "value": 0.875
      },
      {
        "localTime": "00:27:30.000",
        "value": 0.875
      },
      {
        "localTime": "00:28:00.000",
        "value": 0.875
      },
      {
        "localTime": "00:28:30.000",
        "value": 0.875
      },
      {
        "localTime": "00:29:00.000",
        "value": 0.875
      },
      {
        "localTime": "00:29:30.000",
        "value": 0.875
      },
      {
        "localTime": "00:30:00.000",
        "value": 0.875
      },
      {
        "localTime": "00:30:30.000",
        "value": 0.875
      },
      {
        "localTime": "00:31:00.000",
        "value": 0.875
      },
      {
        "localTime": "00:31:30.000",
        "value": 0.875
      },
      {
        "localTime": "00:32:00.000",
        "value": 0.875
      },
      {
        "localTime": "00:32:30.000",
        "value": 0.875
      },
      {
        "localTime": "00:33:00.000",
        "value": 0.875
      },
      {
        "localTime": "00:33:30.000",
        "value": 0.875
      },
      {
        "localTime": "00:34:00.000",
        "value": 0.875
      },
      {
        "localTime": "00:34:30.000",
        "value": 0.875
      },
      {
        "localTime": "00:35:00.000",
        "value": 0.875
      },
      {
        "localTime": "00:35:30.000",
        "value": 0.875
      },
      {
        "localTime": "00:36:00.000",
        "value": 0.875
      },
      {
        "localTime": "00:36:30.000",
        "value": 0.875
      },
      {
        "localTime": "00:37:00.000",
        "value": 0.875
      },
      {
        "localTime": "00:37:30.000",
        "value": 0.875
      },
      {
        "localTime": "00:38:00.000",
        "value": 0.875
      },
      {
        "localTime": "00:38:30.000",
        "value": 0.875
      },
      {
        "localTime": "00:39:00.000",
        "value": 0.875
      },
      {
        "localTime": "00:39:30.000",
        "value": 0.875
      },
      {
        "localTime": "00:40:00.000",
        "value": 0.875
      },
      {
        "localTime": "00:40:30.000",
        "value": 0.875
      },
      {
        "localTime": "00:41:00.000",
        "value": 0.875
      },
      {
        "localTime": "00:41:30.000",
        "value": 0.875
      },
      {
        "localTime": "00:42:00.000",
        "value": 0.875
      },
      {
        "localTime": "00:42:30.000",
        "value": 0.875
      },
      {
        "localTime": "00:43:00.000",
        "value": 0.875
      },
      {
        "localTime": "00:43:30.000",
        "value": 0.875
      },
      {
        "localTime": "00:44:00.000",
        "value": 0.875
      },
      {
        "localTime": "00:44:30.000",
        "value": 0.875
      },
      {
        "localTime": "00:45:00.000",
        "value": 0.875
      },
      {
        "localTime": "00:45:30.000",
        "value": 0.875
      },
      {
        "localTime": "00:46:00.000",
        "value": 0.875
      },
      {
        "localTime": "00:46:30.000",
        "value": 0.875
      },
      {
        "localTime": "00:47:00.000",
        "value": 0.875
      },
      {
        "localTime": "00:47:30.000",
        "value": 0.875
      },
      {
        "localTime": "00:48:00.000",
        "value": 0.875
      },
      {
        "localTime": "00:48:30.000",
        "value": 0.875
      },
      {
        "localTime": "00:49:00.000",
        "value": 0.875
      },
      {
        "localTime": "00:49:30.000",
        "value": 0.875
      },
      {
        "localTime": "00:50:00.000",
        "value": 0.875
      },
      {
        "localTime": "00:50:30.000",
        "value": 0.875
      },
      {
        "localTime": "00:51:00.000",
        "value": 0.875
      },
      {
        "localTime": "00:51:30.000",
        "value": 0.875
      },
      {
        "localTime": "00:52:00.000",
        "value": 0.875
      },
      {
        "localTime": "00:52:30.000",
        "value": 0.875
      },
      {
        "localTime": "00:53:00.000",
        "value": 0.875
      },
      {
        "localTime": "00:53:30.000",
        "value": 0.875
      },
      {
        "localTime": "00:54:00.000",
        "value": 0.875
      },
      {
        "localTime": "00:54:30.000",
        "value": 0.875
      },
      {
        "localTime": "00:55:00.000",
        "value": 0.875
      },
      {
        "localTime": "00:55:30.000",
        "value": 0.875
      },
      {
        "localTime": "00:56:00.000",
        "value": 0.875
      },
      {
        "localTime": "00:56:30.000",
        "value": 0.875
      },
      {
        "localTime": "00:57:00.000",
        "value": 0.875
      },
      {
        "localTime": "00:57:30.000",
        "value": 0.875
      },
      {
        "localTime": "00:58:00.000",
        "value": 0.875
      },
      {
        "localTime": "00:58:30.000",
        "value": 0.875
      },
      {
        "localTime": "00:59:00.000",
        "value": 0.875
      },
      {
        "localTime": "00:59:30.000",
        "value": 0.875
      },
      {
        "localTime": "01:00:00.000",
        "value": 0.875
      },
      {
        "localTime": "01:00:30.000",
        "value": 0.875
      },
      {
        "localTime": "01:01:00.000",
        "value": 0.875
      },
      {
        "localTime": "01:01:30.000",
        "value": 0.875
      },
      {
        "localTime": "01:02:00.000",
        "value": 0.875
      },
      {
        "localTime": "01:02:30.000",
        "value": 0.875
      },
      {
        "localTime": "01:03:00.000",
        "value": 0.875
      },
      {
        "localTime": "01:03:30.000",
        "value": 0.875
      },
      {
        "localTime": "01:04:00.000",
        "value": 0.875
      },
      {
        "localTime": "01:04:30.000",
        "value": 0.875
      },
      {
        "localTime": "01:05:00.000",
        "value": 0.875
      },
      {
        "localTime": "01:05:30.000",
        "value": 0.875
      },
      {
        "localTime": "01:06:00.000",
        "value": 0.875
      },
      {
        "localTime": "01:06:30.000",
        "value": 0.875
      },
      {
        "localTime": "01:07:00.000",
        "value": 0.875
      },
      {
        "localTime": "01:07:30.000",
        "value": 0.875
      },
      {
        "localTime": "01:08:00.000",
        "value": 0.875
      },
      {
        "localTime": "01:08:30.000",
        "value": 0.875
      },
      {
        "localTime": "01:09:00.000",
        "value": 0.875
      },
      {
        "localTime": "01:09:30.000",
        "value": 0.875
      },
      {
        "localTime": "01:10:00.000",
        "value": 0.875
      },
      {
        "localTime": "01:10:30.000",
        "value": 0.875
      },
      {
        "localTime": "01:11:00.000",
        "value": 0.875
      },
      {
        "localTime": "01:11:30.000",
        "value": 0.875
      },
      {
        "localTime": "01:12:00.000",
        "value": 0.875
      },
      {
        "localTime": "01:12:30.000",
        "value": 0.875
      },
      {
        "localTime": "01:13:00.000",
        "value": 0.875
      },
      {
        "localTime": "01:13:30.000",
        "value": 0.875
      },
      {
        "localTime": "01:14:00.000",
        "value": 0.875
      },
      {
        "localTime": "01:14:30.000",
        "value": 0.875
      },
      {
        "localTime": "01:15:00.000",
        "value": 0.875
      },
      {
        "localTime": "01:15:30.000",
        "value": 0.875
      },
      {
        "localTime": "01:16:00.000",
        "value": 0.875
      },
      {
        "localTime": "01:16:30.000",
        "value": 0.875
      },
      {
        "localTime": "01:17:00.000",
        "value": 0.875
      },
      {
        "localTime": "01:17:30.000",
        "value": 0.875
      },
      {
        "localTime": "01:18:00.000",
        "value": 0.875
      },
      {
        "localTime": "01:18:30.000",
        "value": 0.875
      },
      {
        "localTime": "01:19:00.000",
        "value": 0.875
      },
      {
        "localTime": "01:19:30.000",
        "value": 0.875
      },
      {
        "localTime": "01:20:00.000",
        "value": 0.875
      },
      {
        "localTime": "01:20:30.000",
        "value": 0.875
      },
      {
        "localTime": "01:21:00.000",
        "value": 0.875
      },
      {
        "localTime": "01:21:30.000",
        "value": 0.875
      },
      {
        "localTime": "01:22:00.000",
        "value": 0.875
      },
      {
        "localTime": "01:22:30.000",
        "value": 0.875
      },
      {
        "localTime": "01:23:00.000",
        "value": 0.875
      },
      {
        "localTime": "01:23:30.000",
        "value": 0.875
      },
      {
        "localTime": "01:24:00.000",
        "value": 0.875
      },
      {
        "localTime": "01:24:30.000",
        "value": 0.875
      },
      {
        "localTime": "01:25:00.000",
        "value": 0.875
      },
      {
        "localTime": "01:25:30.000",
        "value": 0.875
      },
      {
        "localTime": "01:26:00.000",
        "value": 0.875
      },
      {
        "localTime": "01:26:30.000",
        "value": 0.875
      },
      {
        "localTime": "01:27:00.000",
        "value": 0.875
      },
      {
        "localTime": "01:27:30.000",
        "value": 0.875
      },
      {
        "localTime": "01:28:00.000",
        "value": 0.875
      },
      {
        "localTime": "01:28:30.000",
        "value": 0.875
      },
      {
        "localTime": "01:29:00.000",
        "value": 0.875
      },
      {
        "localTime": "01:29:30.000",
        "value": 0.875
      },
      {
        "localTime": "01:30:00.000",
        "value": 0.875
      },
      {
        "localTime": "01:30:30.000",
        "value": 0.875
      },
      {
        "localTime": "01:31:00.000",
        "value": 0.875
      },
      {
        "localTime": "01:31:30.000",
        "value": 0.875
      },
      {
        "localTime": "01:32:00.000",
        "value": 0.875
      },
      {
        "localTime": "01:32:30.000",
        "value": 0.875
      },
      {
        "localTime": "01:33:00.000",
        "value": 0.875
      },
      {
        "localTime": "01:33:30.000",
        "value": 0.875
      },
      {
        "localTime": "01:34:00.000",
        "value": 0.875
      },
      {
        "localTime": "01:34:30.000",
        "value": 0.875
      },
      {
        "localTime": "01:35:00.000",
        "value": 0.875
      },
      {
        "localTime": "01:35:30.000",
        "value": 0.875
      },
      {
        "localTime": "01:36:00.000",
        "value": 0.875
      },
      {
        "localTime": "01:36:30.000",
        "value": 0.875
      },
      {
        "localTime": "01:37:00.000",
        "value": 0.875
      },
      {
        "localTime": "01:37:30.000",
        "value": 0.875
      },
      {
        "localTime": "01:38:00.000",
        "value": 0.875
      },
      {
        "localTime": "01:38:30.000",
        "value": 0.875
      },
      {
        "localTime": "01:39:00.000",
        "value": 0.875
      },
      {
        "localTime": "01:39:30.000",
        "value": 0.875
      },
      {
        "localTime": "01:40:00.000",
        "value": 0.875
      },
      {
        "localTime": "01:40:30.000",
        "value": 0.875
      },
      {
        "localTime": "01:41:00.000",
        "value": 0.875
      },
      {
        "localTime": "01:41:30.000",
        "value": 0.875
      },
      {
        "localTime": "01:42:00.000",
        "value": 0.875
      },
      {
        "localTime": "01:42:30.000",
        "value": 0.875
      },
      {
        "localTime": "01:43:00.000",
        "value": 0.875
      },
      {
        "localTime": "01:43:30.000",
        "value": 0.875
      },
      {
        "localTime": "01:44:00.000",
        "value": 0.875
      },
      {
        "localTime": "01:44:30.000",
        "value": 0.875
      },
      {
        "localTime": "01:45:00.000",
        "value": 0.875
      },
      {
        "localTime": "01:45:30.000",
        "value": 0.875
      },
      {
        "localTime": "01:46:00.000",
        "value": 0.875
      },
      {
        "localTime": "01:46:30.000",
        "value": 0.875
      },
      {
        "localTime": "01:47:00.000",
        "value": 0.875
      },
      {
        "localTime": "01:47:30.000",
        "value": 0.875
      },
      {
        "localTime": "01:48:00.000",
        "value": 0.875
      },
      {
        "localTime": "01:48:30.000",
        "value": 0.875
      },
      {
        "localTime": "01:49:00.000",
        "value": 0.875
      },
      {
        "localTime": "01:49:30.000",
        "value": 0.875
      },
      {
        "localTime": "01:50:00.000",
        "value": 0.875
      },
      {
        "localTime": "01:50:30.000",
        "value": 0.875
      },
      {
        "localTime": "01:51:00.000",
        "value": 0.875
      },
      {
        "localTime": "01:51:30.000",
        "value": 0.875
      },
      {
        "localTime": "01:52:00.000",
        "value": 0.875
      },
      {
        "localTime": "01:52:30.000",
        "value": 0.875
      },
      {
        "localTime": "01:53:00.000",
        "value": 0.875
      },
      {
        "localTime": "01:53:30.000",
        "value": 0.875
      },
      {
        "localTime": "01:54:00.000",
        "value": 0.875
      },
      {
        "localTime": "01:54:30.000",
        "value": 0.875
      },
      {
        "localTime": "01:55:00.000",
        "value": 0.875
      },
      {
        "localTime": "01:55:30.000",
        "value": 0.875
      },
      {
        "localTime": "01:56:00.000",
        "value": 0.875
      },
      {
        "localTime": "01:56:30.000",
        "value": 0.875
      },
      {
        "localTime": "01:57:00.000",
        "value": 0.875
      },
      {
        "localTime": "01:57:30.000",
        "value": 0.875
      },
      {
        "localTime": "01:58:00.000",
        "value": 0.875
      },
      {
        "localTime": "01:58:30.000",
        "value": 0.875
      },
      {
        "localTime": "01:59:00.000",
        "value": 0.875
      },
      {
        "localTime": "01:59:30.000",
        "value": 0.875
      },
      {
        "localTime": "02:00:00.000",
        "value": 0.875
      },
      {
        "localTime": "02:00:30.000",
        "value": 0.875
      },
      {
        "localTime": "02:01:00.000",
        "value": 0.875
      },
      {
        "localTime": "02:01:30.000",
        "value": 0.875
      },
      {
        "localTime": "02:02:00.000",
        "value": 0.875
      },
      {
        "localTime": "02:02:30.000",
        "value": 0.875
      },
      {
        "localTime": "02:03:00.000",
        "value": 0.875
      },
      {
        "localTime": "02:03:30.000",
        "value": 0.875
      },
      {
        "localTime": "02:04:00.000",
        "value": 0.875
      },
      {
        "localTime": "02:04:30.000",
        "value": 0.875
      },
      {
        "localTime": "02:05:00.000",
        "value": 0.875
      },
      {
        "localTime": "02:05:30.000",
        "value": 0.875
      },
      {
        "localTime": "02:06:00.000",
        "value": 0.875
      },
      {
        "localTime": "02:06:30.000",
        "value": 0.875
      },
      {
        "localTime": "02:07:00.000",
        "value": 0.875
      },
      {
        "localTime": "02:07:30.000",
        "value": 0.875
      },
      {
        "localTime": "02:08:00.000",
        "value": 0.875
      },
      {
        "localTime": "02:08:30.000",
        "value": 0.875
      },
      {
        "localTime": "02:09:00.000",
        "value": 0.875
      },
      {
        "localTime": "02:09:30.000",
        "value": 0.875
      },
      {
        "localTime": "02:10:00.000",
        "value": 0.875
      },
      {
        "localTime": "02:10:30.000",
        "value": 0.875
      },
      {
        "localTime": "02:11:00.000",
        "value": 0.875
      },
      {
        "localTime": "02:11:30.000",
        "value": 0.875
      },
      {
        "localTime": "02:12:00.000",
        "value": 0.875
      },
      {
        "localTime": "02:12:30.000",
        "value": 0.875
      },
      {
        "localTime": "02:13:00.000",
        "value": 0.875
      },
      {
        "localTime": "02:13:30.000",
        "value": 0.875
      },
      {
        "localTime": "02:14:00.000",
        "value": 0.875
      },
      {
        "localTime": "02:14:30.000",
        "value": 0.875
      },
      {
        "localTime": "02:15:00.000",
        "value": 0.875
      },
      {
        "localTime": "02:15:30.000",
        "value": 0.875
      },
      {
        "localTime": "02:16:00.000",
        "value": 0.875
      },
      {
        "localTime": "02:16:30.000",
        "value": 0.875
      },
      {
        "localTime": "02:17:00.000",
        "value": 0.875
      },
      {
        "localTime": "02:17:30.000",
        "value": 0.875
      },
      {
        "localTime": "02:18:00.000",
        "value": 0.875
      },
      {
        "localTime": "02:18:30.000",
        "value": 0.875
      },
      {
        "localTime": "02:19:00.000",
        "value": 0.875
      },
      {
        "localTime": "02:19:30.000",
        "value": 0.875
      },
      {
        "localTime": "02:20:00.000",
        "value": 0.875
      },
      {
        "localTime": "02:20:30.000",
        "value": 0.875
      },
      {
        "localTime": "02:21:00.000",
        "value": 0.875
      },
      {
        "localTime": "02:21:30.000",
        "value": 0.875
      },
      {
        "localTime": "02:22:00.000",
        "value": 0.875
      },
      {
        "localTime": "02:22:30.000",
        "value": 0.875
      },
      {
        "localTime": "02:23:00.000",
        "value": 0.875
      },
      {
        "localTime": "02:23:30.000",
        "value": 0.875
      },
      {
        "localTime": "02:24:00.000",
        "value": 0.875
      },
      {
        "localTime": "02:24:30.000",
        "value": 0.875
      },
      {
        "localTime": "02:25:00.000",
        "value": 0.875
      },
      {
        "localTime": "02:25:30.000",
        "value": 0.875
      },
      {
        "localTime": "02:26:00.000",
        "value": 0.875
      },
      {
        "localTime": "02:26:30.000",
        "value": 0.875
      },
      {
        "localTime": "02:27:00.000",
        "value": 0.875
      },
      {
        "localTime": "02:27:30.000",
        "value": 0.875
      },
      {
        "localTime": "02:28:00.000",
        "value": 0.875
      },
      {
        "localTime": "02:28:30.000",
        "value": 0.875
      },
      {
        "localTime": "02:29:00.000",
        "value": 0.875
      },
      {
        "localTime": "02:29:30.000",
        "value": 0.875
      },
      {
        "localTime": "02:30:00.000",
        "value": 0.875
      },
      {
        "localTime": "02:30:30.000",
        "value": 0.875
      },
      {
        "localTime": "02:31:00.000",
        "value": 0.875
      },
      {
        "localTime": "02:31:30.000",
        "value": 0.875
      },
      {
        "localTime": "02:32:00.000",
        "value": 0.875
      },
      {
        "localTime": "02:32:30.000",
        "value": 0.875
      },
      {
        "localTime": "02:33:00.000",
        "value": 0.875
      },
      {
        "localTime": "02:33:30.000",
        "value": 0.875
      },
      {
        "localTime": "02:34:00.000",
        "value": 0.875
      },
      {
        "localTime": "02:34:30.000",
        "value": 0.875
      },
      {
        "localTime": "02:35:00.000",
        "value": 0.875
      },
      {
        "localTime": "02:35:30.000",
        "value": 0.875
      },
      {
        "localTime": "02:36:00.000",
        "value": 0.875
      },
      {
        "localTime": "02:36:30.000",
        "value": 0.875
      },
      {
        "localTime": "02:37:00.000",
        "value": 0.875
      },
      {
        "localTime": "02:37:30.000",
        "value": 0.875
      },
      {
        "localTime": "02:38:00.000",
        "value": 0.875
      },
      {
        "localTime": "02:38:30.000",
        "value": 0.875
      },
      {
        "localTime": "02:39:00.000",
        "value": 0.875
      },
      {
        "localTime": "02:39:30.000",
        "value": 0.875
      },
      {
        "localTime": "02:40:00.000",
        "value": 0.875
      },
      {
        "localTime": "02:40:30.000",
        "value": 0.875
      },
      {
        "localTime": "02:41:00.000",
        "value": 0.875
      },
      {
        "localTime": "02:41:30.000",
        "value": 0.875
      },
      {
        "localTime": "02:42:00.000",
        "value": 0.875
      },
      {
        "localTime": "02:42:30.000",
        "value": 0.875
      },
      {
        "localTime": "02:43:00.000",
        "value": 0.875
      },
      {
        "localTime": "02:43:30.000",
        "value": 0.875
      },
      {
        "localTime": "02:44:00.000",
        "value": 0.875
      },
      {
        "localTime": "02:44:30.000",
        "value": 0.875
      },
      {
        "localTime": "02:45:00.000",
        "value": 0.875
      },
      {
        "localTime": "02:45:30.000",
        "value": 0.875
      },
      {
        "localTime": "02:46:00.000",
        "value": 0.875
      },
      {
        "localTime": "02:46:30.000",
        "value": 0.875
      },
      {
        "localTime": "02:47:00.000",
        "value": 0.875
      },
      {
        "localTime": "02:47:30.000",
        "value": 0.875
      },
      {
        "localTime": "02:48:00.000",
        "value": 0.875
      },
      {
        "localTime": "02:48:30.000",
        "value": 0.875
      },
      {
        "localTime": "02:49:00.000",
        "value": 0.875
      },
      {
        "localTime": "02:49:30.000",
        "value": 0.875
      },
      {
        "localTime": "02:50:00.000",
        "value": 0.875
      },
      {
        "localTime": "02:50:30.000",
        "value": 0.875
      },
      {
        "localTime": "02:51:00.000",
        "value": 0.875
      },
      {
        "localTime": "02:51:30.000",
        "value": 0.875
      },
      {
        "localTime": "02:52:00.000",
        "value": 0.875
      },
      {
        "localTime": "02:52:30.000",
        "value": 0.875
      },
      {
        "localTime": "02:53:00.000",
        "value": 0.875
      },
      {
        "localTime": "02:53:30.000",
        "value": 0.875
      },
      {
        "localTime": "02:54:00.000",
        "value": 0.875
      },
      {
        "localTime": "02:54:30.000",
        "value": 0.875
      },
      {
        "localTime": "02:55:00.000",
        "value": 0.875
      },
      {
        "localTime": "02:55:30.000",
        "value": 0.875
      },
      {
        "localTime": "02:56:00.000",
        "value": 0.875
      },
      {
        "localTime": "02:56:30.000",
        "value": 0.875
      },
      {
        "localTime": "02:57:00.000",
        "value": 0.875
      },
      {
        "localTime": "02:57:30.000",
        "value": 0.875
      },
      {
        "localTime": "02:58:00.000",
        "value": 0.875
      },
      {
        "localTime": "02:58:30.000",
        "value": 0.875
      },
      {
        "localTime": "02:59:00.000",
        "value": 0.875
      },
      {
        "localTime": "02:59:30.000",
        "value": 0.875
      },
      {
        "localTime": "03:00:00.000",
        "value": 0.875
      },
      {
        "localTime": "03:00:30.000",
        "value": 0.875
      },
      {
        "localTime": "03:01:00.000",
        "value": 0.875
      },
      {
        "localTime": "03:01:30.000",
        "value": 0.875
      },
      {
        "localTime": "03:02:00.000",
        "value": 0.875
      },
      {
        "localTime": "03:02:30.000",
        "value": 0.875
      },
      {
        "localTime": "03:03:00.000",
        "value": 0.875
      },
      {
        "localTime": "03:03:30.000",
        "value": 0.875
      },
      {
        "localTime": "03:04:00.000",
        "value": 0.875
      },
      {
        "localTime": "03:04:30.000",
        "value": 0.875
      },
      {
        "localTime": "03:05:00.000",
        "value": 0.875
      },
      {
        "localTime": "03:05:30.000",
        "value": 0.875
      },
      {
        "localTime": "03:06:00.000",
        "value": 0.875
      },
      {
        "localTime": "03:06:30.000",
        "value": 0.875
      },
      {
        "localTime": "03:07:00.000",
        "value": 0.875
      },
      {
        "localTime": "03:07:30.000",
        "value": 0.875
      },
      {
        "localTime": "03:08:00.000",
        "value": 0.875
      },
      {
        "localTime": "03:08:30.000",
        "value": 0.875
      },
      {
        "localTime": "03:09:00.000",
        "value": 0.875
      },
      {
        "localTime": "03:09:30.000",
        "value": 0.875
      },
      {
        "localTime": "03:10:00.000",
        "value": 0.875
      },
      {
        "localTime": "03:10:30.000",
        "value": 0.875
      },
      {
        "localTime": "03:11:00.000",
        "value": 0.875
      },
      {
        "localTime": "03:11:30.000",
        "value": 0.875
      },
      {
        "localTime": "03:12:00.000",
        "value": 0.875
      },
      {
        "localTime": "03:12:30.000",
        "value": 0.875
      },
      {
        "localTime": "03:13:00.000",
        "value": 0.875
      },
      {
        "localTime": "03:13:30.000",
        "value": 0.875
      },
      {
        "localTime": "03:14:00.000",
        "value": 0.875
      },
      {
        "localTime": "03:14:30.000",
        "value": 0.875
      },
      {
        "localTime": "03:15:00.000",
        "value": 0.875
      },
      {
        "localTime": "03:15:30.000",
        "value": 0.875
      },
      {
        "localTime": "03:16:00.000",
        "value": 0.875
      },
      {
        "localTime": "03:16:30.000",
        "value": 0.875
      },
      {
        "localTime": "03:17:00.000",
        "value": 0.875
      },
      {
        "localTime": "03:17:30.000",
        "value": 0.875
      },
      {
        "localTime": "03:18:00.000",
        "value": 0.875
      },
      {
        "localTime": "03:18:30.000",
        "value": 0.875
      },
      {
        "localTime": "03:19:00.000",
        "value": 0.875
      },
      {
        "localTime": "03:19:30.000",
        "value": 0.875
      },
      {
        "localTime": "03:20:00.000",
        "value": 0.875
      },
      {
        "localTime": "03:20:30.000",
        "value": 0.875
      },
      {
        "localTime": "03:21:00.000",
        "value": 0.875
      },
      {
        "localTime": "03:21:30.000",
        "value": 0.875
      },
      {
        "localTime": "03:22:00.000",
        "value": 0.875
      },
      {
        "localTime": "03:22:30.000",
        "value": 0.875
      },
      {
        "localTime": "03:23:00.000",
        "value": 0.875
      },
      {
        "localTime": "03:23:30.000",
        "value": 0.875
      },
      {
        "localTime": "03:24:00.000",
        "value": 0.875
      },
      {
        "localTime": "03:24:30.000",
        "value": 0.875
      },
      {
        "localTime": "03:25:00.000",
        "value": 0.875
      },
      {
        "localTime": "03:25:30.000",
        "value": 0.875
      },
      {
        "localTime": "03:26:00.000",
        "value": 0.875
      },
      {
        "localTime": "03:26:30.000",
        "value": 0.875
      },
      {
        "localTime": "03:27:00.000",
        "value": 0.875
      },
      {
        "localTime": "03:27:30.000",
        "value": 0.875
      },
      {
        "localTime": "03:28:00.000",
        "value": 0.875
      },
      {
        "localTime": "03:28:30.000",
        "value": 0.875
      },
      {
        "localTime": "03:29:00.000",
        "value": 0.875
      },
      {
        "localTime": "03:29:30.000",
        "value": 0.875
      },
      {
        "localTime": "03:30:00.000",
        "value": 0.875
      },
      {
        "localTime": "03:30:30.000",
        "value": 0.875
      },
      {
        "localTime": "03:31:00.000",
        "value": 0.875
      },
      {
        "localTime": "03:31:30.000",
        "value": 0.875
      },
      {
        "localTime": "03:32:00.000",
        "value": 0.875
      },
      {
        "localTime": "03:32:30.000",
        "value": 0.875
      },
      {
        "localTime": "03:33:00.000",
        "value": 0.875
      },
      {
        "localTime": "03:33:30.000",
        "value": 0.875
      },
      {
        "localTime": "03:34:00.000",
        "value": 0.875
      },
      {
        "localTime": "03:34:30.000",
        "value": 0.875
      },
      {
        "localTime": "03:35:00.000",
        "value": 0.875
      },
      {
        "localTime": "03:35:30.000",
        "value": 0.875
      },
      {
        "localTime": "03:36:00.000",
        "value": 0.875
      },
      {
        "localTime": "03:36:30.000",
        "value": 0.875
      },
      {
        "localTime": "03:37:00.000",
        "value": 0.875
      },
      {
        "localTime": "03:37:30.000",
        "value": 0.875
      },
      {
        "localTime": "03:38:00.000",
        "value": 0.875
      },
      {
        "localTime": "03:38:30.000",
        "value": 0.875
      },
      {
        "localTime": "03:39:00.000",
        "value": 0.875
      },
      {
        "localTime": "03:39:30.000",
        "value": 0.875
      },
      {
        "localTime": "03:40:00.000",
        "value": 0.875
      },
      {
        "localTime": "03:40:30.000",
        "value": 0.875
      },
      {
        "localTime": "03:41:00.000",
        "value": 0.875
      },
      {
        "localTime": "03:41:30.000",
        "value": 0.875
      },
      {
        "localTime": "03:42:00.000",
        "value": 0.875
      },
      {
        "localTime": "03:42:30.000",
        "value": 0.875
      },
      {
        "localTime": "03:43:00.000",
        "value": 0.875
      },
      {
        "localTime": "03:43:30.000",
        "value": 0.875
      },
      {
        "localTime": "03:44:00.000",
        "value": 0.875
      },
      {
        "localTime": "03:44:30.000",
        "value": 0.875
      },
      {
        "localTime": "03:45:00.000",
        "value": 0.875
      },
      {
        "localTime": "03:45:30.000",
        "value": 0.875
      },
      {
        "localTime": "03:46:00.000",
        "value": 0.875
      },
      {
        "localTime": "03:46:30.000",
        "value": 0.875
      },
      {
        "localTime": "03:47:00.000",
        "value": 0.875
      },
      {
        "localTime": "03:47:30.000",
        "value": 0.875
      },
      {
        "localTime": "03:48:00.000",
        "value": 0.875
      },
      {
        "localTime": "03:48:30.000",
        "value": 0.875
      },
      {
        "localTime": "03:49:00.000",
        "value": 0.875
      },
      {
        "localTime": "03:49:30.000",
        "value": 0.875
      },
      {
        "localTime": "03:50:00.000",
        "value": 0.875
      },
      {
        "localTime": "03:50:30.000",
        "value": 0.875
      },
      {
        "localTime": "03:51:00.000",
        "value": 0.875
      },
      {
        "localTime": "03:51:30.000",
        "value": 0.875
      },
      {
        "localTime": "03:52:00.000",
        "value": 0.875
      },
      {
        "localTime": "03:52:30.000",
        "value": 0.875
      },
      {
        "localTime": "03:53:00.000",
        "value": 0.875
      },
      {
        "localTime": "03:53:30.000",
        "value": 0.875
      },
      {
        "localTime": "03:54:00.000",
        "value": 0.875
      },
      {
        "localTime": "03:54:30.000",
        "value": 0.875
      },
      {
        "localTime": "03:55:00.000",
        "value": 0.875
      },
      {
        "localTime": "03:55:30.000",
        "value": 0.875
      },
      {
        "localTime": "03:56:00.000",
        "value": 0.875
      },
      {
        "localTime": "03:56:30.000",
        "value": 0.875
      },
      {
        "localTime": "03:57:00.000",
        "value": 0.875
      },
      {
        "localTime": "03:57:30.000",
        "value": 0.875
      },
      {
        "localTime": "03:58:00.000",
        "value": 0.875
      },
      {
        "localTime": "03:58:30.000",
        "value": 0.875
      },
      {
        "localTime": "03:59:00.000",
        "value": 0.875
      },
      {
        "localTime": "03:59:30.000",
        "value": 0.875
      },
      {
        "localTime": "04:00:00.000",
        "value": 0.875
      },
      {
        "localTime": "04:00:30.000",
        "value": 0.875
      },
      {
        "localTime": "04:01:00.000",
        "value": 0.875
      },
      {
        "localTime": "04:01:30.000",
        "value": 0.875
      },
      {
        "localTime": "04:02:00.000",
        "value": 0.875
      },
      {
        "localTime": "04:02:30.000",
        "value": 0.875
      },
      {
        "localTime": "04:03:00.000",
        "value": 0.875
      },
      {
        "localTime": "04:03:30.000",
        "value": 0.875
      },
      {
        "localTime": "04:04:00.000",
        "value": 0.875
      },
      {
        "localTime": "04:04:30.000",
        "value": 0.875
      },
      {
        "localTime": "04:05:00.000",
        "value": 0.875
      },
      {
        "localTime": "04:05:30.000",
        "value": 0.875
      },
      {
        "localTime": "04:06:00.000",
        "value": 0.875
      },
      {
        "localTime": "04:06:30.000",
        "value": 0.875
      },
      {
        "localTime": "04:07:00.000",
        "value": 0.875
      },
      {
        "localTime": "04:07:30.000",
        "value": 0.875
      },
      {
        "localTime": "04:08:00.000",
        "value": 0.875
      },
      {
        "localTime": "04:08:30.000",
        "value": 0.875
      },
      {
        "localTime": "04:09:00.000",
        "value": 0.875
      },
      {
        "localTime": "04:09:30.000",
        "value": 0.875
      },
      {
        "localTime": "04:10:00.000",
        "value": 0.875
      },
      {
        "localTime": "04:10:30.000",
        "value": 0.875
      },
      {
        "localTime": "04:11:00.000",
        "value": 0.875
      },
      {
        "localTime": "04:11:30.000",
        "value": 0.875
      },
      {
        "localTime": "04:12:00.000",
        "value": 0.875
      },
      {
        "localTime": "04:12:30.000",
        "value": 0.875
      },
      {
        "localTime": "04:13:00.000",
        "value": 0.875
      },
      {
        "localTime": "04:13:30.000",
        "value": 0.875
      },
      {
        "localTime": "04:14:00.000",
        "value": 0.875
      },
      {
        "localTime": "04:14:30.000",
        "value": 0.875
      },
      {
        "localTime": "04:15:00.000",
        "value": 0.875
      },
      {
        "localTime": "04:15:30.000",
        "value": 0.875
      },
      {
        "localTime": "04:16:00.000",
        "value": 0.875
      },
      {
        "localTime": "04:16:30.000",
        "value": 0.875
      },
      {
        "localTime": "04:17:00.000",
        "value": 0.875
      },
      {
        "localTime": "04:17:30.000",
        "value": 0.875
      },
      {
        "localTime": "04:18:00.000",
        "value": 0.875
      },
      {
        "localTime": "04:18:30.000",
        "value": 0.875
      },
      {
        "localTime": "04:19:00.000",
        "value": 0.875
      },
      {
        "localTime": "04:19:30.000",
        "value": 0.875
      },
      {
        "localTime": "04:20:00.000",
        "value": 0.875
      },
      {
        "localTime": "04:20:30.000",
        "value": 0.875
      },
      {
        "localTime": "04:21:00.000",
        "value": 0.875
      },
      {
        "localTime": "04:21:30.000",
        "value": 0.875
      },
      {
        "localTime": "04:22:00.000",
        "value": 0.875
      },
      {
        "localTime": "04:22:30.000",
        "value": 0.875
      },
      {
        "localTime": "04:23:00.000",
        "value": 0.875
      },
      {
        "localTime": "04:23:30.000",
        "value": 0.875
      },
      {
        "localTime": "04:24:00.000",
        "value": 0.875
      },
      {
        "localTime": "04:24:30.000",
        "value": 0.875
      },
      {
        "localTime": "04:25:00.000",
        "value": 0.875
      },
      {
        "localTime": "04:25:30.000",
        "value": 0.875
      },
      {
        "localTime": "04:26:00.000",
        "value": 0.875
      },
      {
        "localTime": "04:26:30.000",
        "value": 0.875
      },
      {
        "localTime": "04:27:00.000",
        "value": 0.875
      },
      {
        "localTime": "04:27:30.000",
        "value": 0.875
      },
      {
        "localTime": "04:28:00.000",
        "value": 0.875
      },
      {
        "localTime": "04:28:30.000",
        "value": 0.875
      },
      {
        "localTime": "04:29:00.000",
        "value": 0.875
      },
      {
        "localTime": "04:29:30.000",
        "value": 0.875
      },
      {
        "localTime": "04:30:00.000",
        "value": 0.875
      },
      {
        "localTime": "04:30:30.000",
        "value": 0.875
      },
      {
        "localTime": "04:31:00.000",
        "value": 0.875
      },
      {
        "localTime": "04:31:30.000",
        "value": 0.875
      },
      {
        "localTime": "04:32:00.000",
        "value": 0.875
      },
      {
        "localTime": "04:32:30.000",
        "value": 0.875
      },
      {
        "localTime": "04:33:00.000",
        "value": 0.875
      },
      {
        "localTime": "04:33:30.000",
        "value": 0.875
      },
      {
        "localTime": "04:34:00.000",
        "value": 0.875
      },
      {
        "localTime": "04:34:30.000",
        "value": 0.875
      },
      {
        "localTime": "04:35:00.000",
        "value": 0.875
      },
      {
        "localTime": "04:35:30.000",
        "value": 0.875
      },
      {
        "localTime": "04:36:00.000",
        "value": 1.25
      },
      {
        "localTime": "04:36:30.000",
        "value": 1.125
      },
      {
        "localTime": "04:37:00.000",
        "value": 0.875
      },
      {
        "localTime": "04:37:30.000",
        "value": 0.875
      },
      {
        "localTime": "04:38:00.000",
        "value": 0.875
      },
      {
        "localTime": "04:38:30.000",
        "value": 0.875
      },
      {
        "localTime": "04:39:00.000",
        "value": 0.875
      },
      {
        "localTime": "04:39:30.000",
        "value": 0.875
      },
      {
        "localTime": "04:40:00.000",
        "value": 1.625
      },
      {
        "localTime": "04:40:30.000",
        "value": 2.25
      },
      {
        "localTime": "04:41:00.000",
        "value": 2.5
      },
      {
        "localTime": "04:41:30.000",
        "value": 2.5
      },
      {
        "localTime": "04:42:00.000",
        "value": 0.875
      },
      {
        "localTime": "04:42:30.000",
        "value": 1.0
      },
      {
        "localTime": "04:43:00.000",
        "value": 1.0
      },
      {
        "localTime": "04:43:30.000",
        "value": 2.25
      },
      {
        "localTime": "04:44:00.000",
        "value": 2.875
      },
      {
        "localTime": "04:44:30.000",
        "value": 1.5
      },
      {
        "localTime": "04:45:00.000",
        "value": 1.0
      },
      {
        "localTime": "04:45:30.000",
        "value": 1.0
      },
      {
        "localTime": "04:46:00.000",
        "value": 1.0
      },
      {
        "localTime": "04:46:30.000",
        "value": 0.875
      },
      {
        "localTime": "04:47:00.000",
        "value": 0.875
      },
      {
        "localTime": "04:47:30.000",
        "value": 0.875
      },
      {
        "localTime": "04:48:00.000",
        "value": 0.875
      },
      {
        "localTime": "04:48:30.000",
        "value": 0.875
      },
      {
        "localTime": "04:49:00.000",
        "value": 0.875
      },
      {
        "localTime": "04:49:30.000",
        "value": 0.875
      },
      {
        "localTime": "04:50:00.000",
        "value": 1.625
      },
      {
        "localTime": "04:50:30.000",
        "value": 2.625
      },
      {
        "localTime": "04:51:00.000",
        "value": 3.0
      },
      {
        "localTime": "04:51:30.000",
        "value": 3.75
      },
      {
        "localTime": "04:52:00.000",
        "value": 2.75
      },
      {
        "localTime": "04:52:30.000",
        "value": 1.0
      },
      {
        "localTime": "04:53:00.000",
        "value": 1.0
      },
      {
        "localTime": "04:53:30.000",
        "value": 2.125
      },
      {
        "localTime": "04:54:00.000",
        "value": 2.125
      },
      {
        "localTime": "04:54:30.000",
        "value": 3.25
      },
      {
        "localTime": "04:55:00.000",
        "value": 4.375
      },
      {
        "localTime": "04:55:30.000",
        "value": 4.125
      },
      {
        "localTime": "04:56:00.000",
        "value": 4.625
      },
      {
        "localTime": "04:56:30.000",
        "value": 4.5
      },
      {
        "localTime": "04:57:00.000",
        "value": 4.375
      },
      {
        "localTime": "04:57:30.000",
        "value": 4.5
      },
      {
        "localTime": "04:58:00.000",
        "value": 4.5
      },
      {
        "localTime": "04:58:30.000",
        "value": 4.625
      },
      {
        "localTime": "04:59:00.000",
        "value": 4.5
      },
      {
        "localTime": "04:59:30.000",
        "value": 4.5
      },
      {
        "localTime": "05:00:00.000",
        "value": 4.625
      },
      {
        "localTime": "05:00:30.000",
        "value": 4.625
      },
      {
        "localTime": "05:01:00.000",
        "value": 4.625
      },
      {
        "localTime": "05:01:30.000",
        "value": 4.625
      },
      {
        "localTime": "05:02:00.000",
        "value": 4.625
      },
      {
        "localTime": "05:02:30.000",
        "value": 4.625
      },
      {
        "localTime": "05:03:00.000",
        "value": 4.625
      },
      {
        "localTime": "05:03:30.000",
        "value": 4.625
      },
      {
        "localTime": "05:04:00.000",
        "value": 4.625
      },
      {
        "localTime": "05:04:30.000",
        "value": 4.625
      },
      {
        "localTime": "05:05:00.000",
        "value": 4.625
      },
      {
        "localTime": "05:05:30.000",
        "value": 4.375
      },
      {
        "localTime": "05:06:00.000",
        "value": 4.5
      },
      {
        "localTime": "05:06:30.000",
        "value": 4.625
      },
      {
        "localTime": "05:07:00.000",
        "value": 4.625
      },
      {
        "localTime": "05:07:30.000",
        "value": 4.625
      },
      {
        "localTime": "05:08:00.000",
        "value": 4.625
      },
      {
        "localTime": "05:08:30.000",
        "value": 4.625
      },
      {
        "localTime": "05:09:00.000",
        "value": 4.75
      },
      {
        "localTime": "05:09:30.000",
        "value": 4.75
      },
      {
        "localTime": "05:10:00.000",
        "value": 4.625
      },
      {
        "localTime": "05:10:30.000",
        "value": 4.625
      },
      {
        "localTime": "05:11:00.000",
        "value": 4.625
      },
      {
        "localTime": "05:11:30.000",
        "value": 4.625
      },
      {
        "localTime": "05:12:00.000",
        "value": 4.625
      },
      {
        "localTime": "05:12:30.000",
        "value": 7.0
      },
      {
        "localTime": "05:13:00.000",
        "value": 8.625
      },
      {
        "localTime": "05:13:30.000",
        "value": 7.375
      },
      {
        "localTime": "05:14:00.000",
        "value": 6.875
      },
      {
        "localTime": "05:14:30.000",
        "value": 7.0
      },
      {
        "localTime": "05:15:00.000",
        "value": 6.75
      },
      {
        "localTime": "05:15:30.000",
        "value": 6.375
      },
      {
        "localTime": "05:16:00.000",
        "value": 5.375
      },
      {
        "localTime": "05:16:30.000",
        "value": 5.375
      },
      {
        "localTime": "05:17:00.000",
        "value": 7.75
      },
      {
        "localTime": "05:17:30.000",
        "value": 6.75
      },
      {
        "localTime": "05:18:00.000",
        "value": 7.0
      },
      {
        "localTime": "05:18:30.000",
        "value": 7.0
      },
      {
        "localTime": "05:19:00.000",
        "value": 6.625
      },
      {
        "localTime": "05:19:30.000",
        "value": 5.375
      },
      {
        "localTime": "05:20:00.000",
        "value": 5.5
      },
      {
        "localTime": "05:20:30.000",
        "value": 5.25
      },
      {
        "localTime": "05:21:00.000",
        "value": 7.625
      },
      {
        "localTime": "05:21:30.000",
        "value": 8.875
      },
      {
        "localTime": "05:22:00.000",
        "value": 8.0
      },
      {
        "localTime": "05:22:30.000",
        "value": 7.375
      },
      {
        "localTime": "05:23:00.000",
        "value": 5.75
      },
      {
        "localTime": "05:23:30.000",
        "value": 5.25
      },
      {
        "localTime": "05:24:00.000",
        "value": 4.875
      },
      {
        "localTime": "05:24:30.000",
        "value": 7.625
      },
      {
        "localTime": "05:25:00.000",
        "value": 8.875
      },
      {
        "localTime": "05:25:30.000",
        "value": 7.625
      },
      {
        "localTime": "05:26:00.000",
        "value": 8.0
      },
      {
        "localTime": "05:26:30.000",
        "value": 7.875
      },
      {
        "localTime": "05:27:00.000",
        "value": 6.875
      },
      {
        "localTime": "05:27:30.000",
        "value": 5.625
      },
      {
        "localTime": "05:28:00.000",
        "value": 5.375
      },
      {
        "localTime": "05:28:30.000",
        "value": 7.25
      },
      {
        "localTime": "05:29:00.000",
        "value": 8.125
      },
      {
        "localTime": "05:29:30.000",
        "value": 7.5
      },
      {
        "localTime": "05:30:00.000",
        "value": 7.625
      },
      {
        "localTime": "05:30:30.000",
        "value": 8.0
      },
      {
        "localTime": "05:31:00.000",
        "value": 6.75
      },
      {
        "localTime": "05:31:30.000",
        "value": 6.0
      },
      {
        "localTime": "05:32:00.000",
        "value": 5.875
      },
      {
        "localTime": "05:32:30.000",
        "value": 5.25
      },
      {
        "localTime": "05:33:00.000",
        "value": 5.75
      },
      {
        "localTime": "05:33:30.000",
        "value": 6.0
      },
      {
        "localTime": "05:34:00.000",
        "value": 6.0
      },
      {
        "localTime": "05:34:30.000",
        "value": 6.125
      },
      {
        "localTime": "05:35:00.000",
        "value": 5.75
      },
      {
        "localTime": "05:35:30.000",
        "value": 5.625
      },
      {
        "localTime": "05:36:00.000",
        "value": 6.125
      },
      {
        "localTime": "05:36:30.000",
        "value": 5.625
      },
      {
        "localTime": "05:37:00.000",
        "value": 5.375
      },
      {
        "localTime": "05:37:30.000",
        "value": 5.125
      },
      {
        "localTime": "05:38:00.000",
        "value": 5.25
      },
      {
        "localTime": "05:38:30.000",
        "value": 5.5
      },
      {
        "localTime": "05:39:00.000",
        "value": 5.25
      },
      {
        "localTime": "05:39:30.000",
        "value": 5.25
      },
      {
        "localTime": "05:40:00.000",
        "value": 8.375
      },
      {
        "localTime": "05:40:30.000",
        "value": 7.5
      },
      {
        "localTime": "05:41:00.000",
        "value": 7.875
      },
      {
        "localTime": "05:41:30.000",
        "value": 7.75
      },
      {
        "localTime": "05:42:00.000",
        "value": 6.125
      },
      {
        "localTime": "05:42:30.000",
        "value": 5.5
      },
      {
        "localTime": "05:43:00.000",
        "value": 6.25
      },
      {
        "localTime": "05:43:30.000",
        "value": 6.625
      },
      {
        "localTime": "05:44:00.000",
        "value": 9.625
      },
      {
        "localTime": "05:44:30.000",
        "value": 8.625
      },
      {
        "localTime": "05:45:00.000",
        "value": 8.25
      },
      {
        "localTime": "05:45:30.000",
        "value": 8.375
      },
      {
        "localTime": "05:46:00.000",
        "value": 6.5
      },
      {
        "localTime": "05:46:30.000",
        "value": 5.75
      },
      {
        "localTime": "05:47:00.000",
        "value": 5.75
      },
      {
        "localTime": "05:47:30.000",
        "value": 6.375
      },
      {
        "localTime": "05:48:00.000",
        "value": 7.625
      },
      {
        "localTime": "05:48:30.000",
        "value": 7.625
      },
      {
        "localTime": "05:49:00.000",
        "value": 7.875
      },
      {
        "localTime": "05:49:30.000",
        "value": 8.0
      },
      {
        "localTime": "05:50:00.000",
        "value": 7.625
      },
      {
        "localTime": "05:50:30.000",
        "value": 6.125
      },
      {
        "localTime": "05:51:00.000",
        "value": 5.375
      },
      {
        "localTime": "05:51:30.000",
        "value": 6.0
      },
      {
        "localTime": "05:52:00.000",
        "value": 9.5
      },
      {
        "localTime": "05:52:30.000",
        "value": 7.5
      },
      {
        "localTime": "05:53:00.000",
        "value": 7.875
      },
      {
        "localTime": "05:53:30.000",
        "value": 8.375
      },
      {
        "localTime": "05:54:00.000",
        "value": 7.5
      },
      {
        "localTime": "05:54:30.000",
        "value": 6.0
      },
      {
        "localTime": "05:55:00.000",
        "value": 6.125
      },
      {
        "localTime": "05:55:30.000",
        "value": 5.625
      },
      {
        "localTime": "05:56:00.000",
        "value": 8.375
      },
      {
        "localTime": "05:56:30.000",
        "value": 8.0
      },
      {
        "localTime": "05:57:00.000",
        "value": 8.125
      },
      {
        "localTime": "05:57:30.000",
        "value": 8.5
      },
      {
        "localTime": "05:58:00.000",
        "value": 6.5
      },
      {
        "localTime": "05:58:30.000",
        "value": 5.625
      },
      {
        "localTime": "05:59:00.000",
        "value": 5.5
      },
      {
        "localTime": "05:59:30.000",
        "value": 6.25
      },
      {
        "localTime": "06:00:00.000",
        "value": 5.125
      },
      {
        "localTime": "06:00:30.000",
        "value": 6.0
      },
      {
        "localTime": "06:01:00.000",
        "value": 5.875
      },
      {
        "localTime": "06:01:30.000",
        "value": 5.75
      },
      {
        "localTime": "06:02:00.000",
        "value": 5.625
      },
      {
        "localTime": "06:02:30.000",
        "value": 5.5
      },
      {
        "localTime": "06:03:00.000",
        "value": 5.75
      },
      {
        "localTime": "06:03:30.000",
        "value": 5.375
      },
      {
        "localTime": "06:04:00.000",
        "value": 5.375
      },
      {
        "localTime": "06:04:30.000",
        "value": 5.5
      },
      {
        "localTime": "06:05:00.000",
        "value": 5.75
      },
      {
        "localTime": "06:05:30.000",
        "value": 5.625
      },
      {
        "localTime": "06:06:00.000",
        "value": 6.0
      },
      {
        "localTime": "06:06:30.000",
        "value": 5.875
      },
      {
        "localTime": "06:07:00.000",
        "value": 6.0
      },
      {
        "localTime": "06:07:30.000",
        "value": 5.75
      },
      {
        "localTime": "06:08:00.000",
        "value": 6.0
      },
      {
        "localTime": "06:08:30.000",
        "value": 5.75
      },
      {
        "localTime": "06:09:00.000",
        "value": 6.25
      },
      {
        "localTime": "06:09:30.000",
        "value": 6.0
      },
      {
        "localTime": "06:10:00.000",
        "value": 5.75
      },
      {
        "localTime": "06:10:30.000",
        "value": 5.5
      },
      {
        "localTime": "06:11:00.000",
        "value": 5.375
      },
      {
        "localTime": "06:11:30.000",
        "value": 6.0
      },
      {
        "localTime": "06:12:00.000",
        "value": 5.625
      },
      {
        "localTime": "06:12:30.000",
        "value": 6.0
      },
      {
        "localTime": "06:13:00.000",
        "value": 5.625
      },
      {
        "localTime": "06:13:30.000",
        "value": 5.75
      },
      {
        "localTime": "06:14:00.000",
        "value": 6.0
      },
      {
        "localTime": "06:14:30.000",
        "value": 5.75
      },
      {
        "localTime": "06:15:00.000",
        "value": 4.875
      },
      {
        "localTime": "06:15:30.000",
        "value": 3.25
      },
      {
        "localTime": "06:16:00.000",
        "value": 3.0
      },
      {
        "localTime": "06:16:30.000",
        "value": 2.5
      },
      {
        "localTime": "06:17:00.000",
        "value": 1.625
      },
      {
        "localTime": "06:17:30.000",
        "value": 2.125
      },
      {
        "localTime": "06:18:00.000",
        "value": 3.25
      },
      {
        "localTime": "06:18:30.000",
        "value": 2.125
      },
      {
        "localTime": "06:19:00.000",
        "value": 1.0
      },
      {
        "localTime": "06:19:30.000",
        "value": 1.0
      },
      {
        "localTime": "06:20:00.000",
        "value": 1.125
      }
    ],
    "steps": [
      {
        "localTime": "00:00:00.000",
        "value": 0
      },
      {
        "localTime": "00:01:00.000",
        "value": 0
      },
      {
        "localTime": "00:02:00.000",
        "value": 0
      },
      {
        "localTime": "00:03:00.000",
        "value": 0
      },
      {
        "localTime": "00:04:00.000",
        "value": 0
      },
      {
        "localTime": "00:05:00.000",
        "value": 0
      },
      {
        "localTime": "00:06:00.000",
        "value": 0
      },
      {
        "localTime": "00:07:00.000",
        "value": 0
      },
      {
        "localTime": "00:08:00.000",
        "value": 0
      },
      {
        "localTime": "00:09:00.000",
        "value": 0
      },
      {
        "localTime": "00:10:00.000",
        "value": 0
      },
      {
        "localTime": "00:11:00.000",
        "value": 0
      },
      {
        "localTime": "00:12:00.000",
        "value": 0
      },
      {
        "localTime": "00:13:00.000",
        "value": 0
      },
      {
        "localTime": "00:14:00.000",
        "value": 0
      },
      {
        "localTime": "00:15:00.000",
        "value": 0
      },
      {
        "localTime": "00:16:00.000",
        "value": 0
      },
      {
        "localTime": "00:17:00.000",
        "value": 0
      },
      {
        "localTime": "00:18:00.000",
        "value": 0
      },
      {
        "localTime": "00:19:00.000",
        "value": 0
      },
      {
        "localTime": "00:20:00.000",
        "value": 0
      },
      {
        "localTime": "00:21:00.000",
        "value": 0
      },
      {
        "localTime": "00:22:00.000",
        "value": 0
      },
      {
        "localTime": "00:23:00.000",
        "value": 0
      },
      {
        "localTime": "00:24:00.000",
        "value": 0
      },
      {
        "localTime": "00:25:00.000",
        "value": 0
      },
      {
        "localTime": "00:26:00.000",
        "value": 0
      },
      {
        "localTime": "00:27:00.000",
        "value": 0
      },
      {
        "localTime": "00:28:00.000",
        "value": 0
      },
      {
        "localTime": "00:29:00.000",
        "value": 0
      },
      {
        "localTime": "00:30:00.000",
        "value": 0
      },
      {
        "localTime": "00:31:00.000",
        "value": 0
      },
      {
        "localTime": "00:32:00.000",
        "value": 0
      },
      {
        "localTime": "00:33:00.000",
        "value": 0
      },
      {
        "localTime": "00:34:00.000",
        "value": 0
      },
      {
        "localTime": "00:35:00.000",
        "value": 0
      },
      {
        "localTime": "00:36:00.000",
        "value": 0
      },
      {
        "localTime": "00:37:00.000",
        "value": 0
      },
      {
        "localTime": "00:38:00.000",
        "value": 0
      },
      {
        "localTime": "00:39:00.000",
        "value": 0
      },
      {
        "localTime": "00:40:00.000",
        "value": 0
      },
      {
        "localTime": "00:41:00.000",
        "value": 0
      },
      {
        "localTime": "00:42:00.000",
        "value": 0
      },
      {
        "localTime": "00:43:00.000",
        "value": 0
      },
      {
        "localTime": "00:44:00.000",
        "value": 0
      },
      {
        "localTime": "00:45:00.000",
        "value": 0
      },
      {
        "localTime": "00:46:00.000",
        "value": 0
      },
      {
        "localTime": "00:47:00.000",
        "value": 0
      },
      {
        "localTime": "00:48:00.000",
        "value": 0
      },
      {
        "localTime": "00:49:00.000",
        "value": 0
      },
      {
        "localTime": "00:50:00.000",
        "value": 0
      },
      {
        "localTime": "00:51:00.000",
        "value": 0
      },
      {
        "localTime": "00:52:00.000",
        "value": 0
      },
      {
        "localTime": "00:53:00.000",
        "value": 0
      },
      {
        "localTime": "00:54:00.000",
        "value": 0
      },
      {
        "localTime": "00:55:00.000",
        "value": 0
      },
      {
        "localTime": "00:56:00.000",
        "value": 0
      },
      {
        "localTime": "00:57:00.000",
        "value": 0
      },
      {
        "localTime": "00:58:00.000",
        "value": 0
      },
      {
        "localTime": "00:59:00.000",
        "value": 0
      },
      {
        "localTime": "01:00:00.000",
        "value": 0
      },
      {
        "localTime": "01:01:00.000",
        "value": 0
      },
      {
        "localTime": "01:02:00.000",
        "value": 0
      },
      {
        "localTime": "01:03:00.000",
        "value": 0
      },
      {
        "localTime": "01:04:00.000",
        "value": 0
      },
      {
        "localTime": "01:05:00.000",
        "value": 0
      },
      {
        "localTime": "01:06:00.000",
        "value": 0
      },
      {
        "localTime": "01:07:00.000",
        "value": 0
      },
      {
        "localTime": "01:08:00.000",
        "value": 0
      },
      {
        "localTime": "01:09:00.000",
        "value": 0
      },
      {
        "localTime": "01:10:00.000",
        "value": 0
      },
      {
        "localTime": "01:11:00.000",
        "value": 0
      },
      {
        "localTime": "01:12:00.000",
        "value": 0
      },
      {
        "localTime": "01:13:00.000",
        "value": 0
      },
      {
        "localTime": "01:14:00.000",
        "value": 0
      },
      {
        "localTime": "01:15:00.000",
        "value": 0
      },
      {
        "localTime": "01:16:00.000",
        "value": 0
      },
      {
        "localTime": "01:17:00.000",
        "value": 0
      },
      {
        "localTime": "01:18:00.000",
        "value": 0
      },
      {
        "localTime": "01:19:00.000",
        "value": 0
      },
      {
        "localTime": "01:20:00.000",
        "value": 0
      },
      {
        "localTime": "01:21:00.000",
        "value": 0
      },
      {
        "localTime": "01:22:00.000",
        "value": 0
      },
      {
        "localTime": "01:23:00.000",
        "value": 0
      },
      {
        "localTime": "01:24:00.000",
        "value": 0
      },
      {
        "localTime": "01:25:00.000",
        "value": 0
      },
      {
        "localTime": "01:26:00.000",
        "value": 0
      },
      {
        "localTime": "01:27:00.000",
        "value": 0
      },
      {
        "localTime": "01:28:00.000",
        "value": 0
      },
      {
        "localTime": "01:29:00.000",
        "value": 0
      },
      {
        "localTime": "01:30:00.000",
        "value": 0
      },
      {
        "localTime": "01:31:00.000",
        "value": 0
      },
      {
        "localTime": "01:32:00.000",
        "value": 0
      },
      {
        "localTime": "01:33:00.000",
        "value": 0
      },
      {
        "localTime": "01:34:00.000",
        "value": 0
      },
      {
        "localTime": "01:35:00.000",
        "value": 0
      },
      {
        "localTime": "01:36:00.000",
        "value": 0
      },
      {
        "localTime": "01:37:00.000",
        "value": 0
      },
      {
        "localTime": "01:38:00.000",
        "value": 0
      },
      {
        "localTime": "01:39:00.000",
        "value": 0
      },
      {
        "localTime": "01:40:00.000",
        "value": 0
      },
      {
        "localTime": "01:41:00.000",
        "value": 0
      },
      {
        "localTime": "01:42:00.000",
        "value": 0
      },
      {
        "localTime": "01:43:00.000",
        "value": 0
      },
      {
        "localTime": "01:44:00.000",
        "value": 0
      },
      {
        "localTime": "01:45:00.000",
        "value": 0
      },
      {
        "localTime": "01:46:00.000",
        "value": 0
      },
      {
        "localTime": "01:47:00.000",
        "value": 0
      },
      {
        "localTime": "01:48:00.000",
        "value": 0
      },
      {
        "localTime": "01:49:00.000",
        "value": 0
      },
      {
        "localTime": "01:50:00.000",
        "value": 0
      },
      {
        "localTime": "01:51:00.000",
        "value": 0
      },
      {
        "localTime": "01:52:00.000",
        "value": 0
      },
      {
        "localTime": "01:53:00.000",
        "value": 0
      },
      {
        "localTime": "01:54:00.000",
        "value": 0
      },
      {
        "localTime": "01:55:00.000",
        "value": 0
      },
      {
        "localTime": "01:56:00.000",
        "value": 0
      },
      {
        "localTime": "01:57:00.000",
        "value": 0
      },
      {
        "localTime": "01:58:00.000",
        "value": 0
      },
      {
        "localTime": "01:59:00.000",
        "value": 0
      },
      {
        "localTime": "02:00:00.000",
        "value": 0
      },
      {
        "localTime": "02:01:00.000",
        "value": 0
      },
      {
        "localTime": "02:02:00.000",
        "value": 0
      },
      {
        "localTime": "02:03:00.000",
        "value": 0
      },
      {
        "localTime": "02:04:00.000",
        "value": 0
      },
      {
        "localTime": "02:05:00.000",
        "value": 0
      },
      {
        "localTime": "02:06:00.000",
        "value": 0
      },
      {
        "localTime": "02:07:00.000",
        "value": 0
      },
      {
        "localTime": "02:08:00.000",
        "value": 0
      },
      {
        "localTime": "02:09:00.000",
        "value": 0
      },
      {
        "localTime": "02:10:00.000",
        "value": 0
      },
      {
        "localTime": "02:11:00.000",
        "value": 0
      },
      {
        "localTime": "02:12:00.000",
        "value": 0
      },
      {
        "localTime": "02:13:00.000",
        "value": 0
      },
      {
        "localTime": "02:14:00.000",
        "value": 0
      },
      {
        "localTime": "02:15:00.000",
        "value": 0
      },
      {
        "localTime": "02:16:00.000",
        "value": 0
      },
      {
        "localTime": "02:17:00.000",
        "value": 0
      },
      {
        "localTime": "02:18:00.000",
        "value": 0
      },
      {
        "localTime": "02:19:00.000",
        "value": 0
      },
      {
        "localTime": "02:20:00.000",
        "value": 0
      },
      {
        "localTime": "02:21:00.000",
        "value": 0
      },
      {
        "localTime": "02:22:00.000",
        "value": 0
      },
      {
        "localTime": "02:23:00.000",
        "value": 0
      },
      {
        "localTime": "02:24:00.000",
        "value": 0
      },
      {
        "localTime": "02:25:00.000",
        "value": 0
      },
      {
        "localTime": "02:26:00.000",
        "value": 0
      },
      {
        "localTime": "02:27:00.000",
        "value": 0
      },
      {
        "localTime": "02:28:00.000",
        "value": 0
      },
      {
        "localTime": "02:29:00.000",
        "value": 0
      },
      {
        "localTime": "02:30:00.000",
        "value": 0
      },
      {
        "localTime": "02:31:00.000",
        "value": 0
      },
      {
        "localTime": "02:32:00.000",
        "value": 0
      },
      {
        "localTime": "02:33:00.000",
        "value": 0
      },
      {
        "localTime": "02:34:00.000",
        "value": 0
      },
      {
        "localTime": "02:35:00.000",
        "value": 0
      },
      {
        "localTime": "02:36:00.000",
        "value": 0
      },
      {
        "localTime": "02:37:00.000",
        "value": 0
      },
      {
        "localTime": "02:38:00.000",
        "value": 0
      },
      {
        "localTime": "02:39:00.000",
        "value": 0
      },
      {
        "localTime": "02:40:00.000",
        "value": 0
      },
      {
        "localTime": "02:41:00.000",
        "value": 0
      },
      {
        "localTime": "02:42:00.000",
        "value": 0
      },
      {
        "localTime": "02:43:00.000",
        "value": 0
      },
      {
        "localTime": "02:44:00.000",
        "value": 0
      },
      {
        "localTime": "02:45:00.000",
        "value": 0
      },
      {
        "localTime": "02:46:00.000",
        "value": 0
      },
      {
        "localTime": "02:47:00.000",
        "value": 0
      },
      {
        "localTime": "02:48:00.000",
        "value": 0
      },
      {
        "localTime": "02:49:00.000",
        "value": 0
      },
      {
        "localTime": "02:50:00.000",
        "value": 0
      },
      {
        "localTime": "02:51:00.000",
        "value": 0
      },
      {
        "localTime": "02:52:00.000",
        "value": 0
      },
      {
        "localTime": "02:53:00.000",
        "value": 0
      },
      {
        "localTime": "02:54:00.000",
        "value": 0
      },
      {
        "localTime": "02:55:00.000",
        "value": 0
      },
      {
        "localTime": "02:56:00.000",
        "value": 0
      },
      {
        "localTime": "02:57:00.000",
        "value": 0
      },
      {
        "localTime": "02:58:00.000",
        "value": 0
      },
      {
        "localTime": "02:59:00.000",
        "value": 0
      },
      {
        "localTime": "03:00:00.000",
        "value": 0
      },
      {
        "localTime": "03:01:00.000",
        "value": 0
      },
      {
        "localTime": "03:02:00.000",
        "value": 0
      },
      {
        "localTime": "03:03:00.000",
        "value": 0
      },
      {
        "localTime": "03:04:00.000",
        "value": 0
      },
      {
        "localTime": "03:05:00.000",
        "value": 0
      },
      {
        "localTime": "03:06:00.000",
        "value": 0
      },
      {
        "localTime": "03:07:00.000",
        "value": 0
      },
      {
        "localTime": "03:08:00.000",
        "value": 0
      },
      {
        "localTime": "03:09:00.000",
        "value": 0
      },
      {
        "localTime": "03:10:00.000",
        "value": 0
      },
      {
        "localTime": "03:11:00.000",
        "value": 0
      },
      {
        "localTime": "03:12:00.000",
        "value": 0
      },
      {
        "localTime": "03:13:00.000",
        "value": 0
      },
      {
        "localTime": "03:14:00.000",
        "value": 0
      },
      {
        "localTime": "03:15:00.000",
        "value": 0
      },
      {
        "localTime": "03:16:00.000",
        "value": 0
      },
      {
        "localTime": "03:17:00.000",
        "value": 0
      },
      {
        "localTime": "03:18:00.000",
        "value": 0
      },
      {
        "localTime": "03:19:00.000",
        "value": 0
      },
      {
        "localTime": "03:20:00.000",
        "value": 0
      },
      {
        "localTime": "03:21:00.000",
        "value": 0
      },
      {
        "localTime": "03:22:00.000",
        "value": 0
      },
      {
        "localTime": "03:23:00.000",
        "value": 0
      },
      {
        "localTime": "03:24:00.000",
        "value": 0
      },
      {
        "localTime": "03:25:00.000",
        "value": 0
      },
      {
        "localTime": "03:26:00.000",
        "value": 0
      },
      {
        "localTime": "03:27:00.000",
        "value": 0
      },
      {
        "localTime": "03:28:00.000",
        "value": 0
      },
      {
        "localTime": "03:29:00.000",
        "value": 0
      },
      {
        "localTime": "03:30:00.000",
        "value": 0
      },
      {
        "localTime": "03:31:00.000",
        "value": 0
      },
      {
        "localTime": "03:32:00.000",
        "value": 0
      },
      {
        "localTime": "03:33:00.000",
        "value": 0
      },
      {
        "localTime": "03:34:00.000",
        "value": 0
      },
      {
        "localTime": "03:35:00.000",
        "value": 0
      },
      {
        "localTime": "03:36:00.000",
        "value": 0
      },
      {
        "localTime": "03:37:00.000",
        "value": 0
      },
      {
        "localTime": "03:38:00.000",
        "value": 0
      },
      {
        "localTime": "03:39:00.000",
        "value": 0
      },
      {
        "localTime": "03:40:00.000",
        "value": 0
      },
      {
        "localTime": "03:41:00.000",
        "value": 0
      },
      {
        "localTime": "03:42:00.000",
        "value": 0
      },
      {
        "localTime": "03:43:00.000",
        "value": 0
      },
      {
        "localTime": "03:44:00.000",
        "value": 0
      },
      {
        "localTime": "03:45:00.000",
        "value": 0
      },
      {
        "localTime": "03:46:00.000",
        "value": 0
      },
      {
        "localTime": "03:47:00.000",
        "value": 0
      },
      {
        "localTime": "03:48:00.000",
        "value": 0
      },
      {
        "localTime": "03:49:00.000",
        "value": 0
      },
      {
        "localTime": "03:50:00.000",
        "value": 0
      },
      {
        "localTime": "03:51:00.000",
        "value": 0
      },
      {
        "localTime": "03:52:00.000",
        "value": 0
      },
      {
        "localTime": "03:53:00.000",
        "value": 0
      },
      {
        "localTime": "03:54:00.000",
        "value": 0
      },
      {
        "localTime": "03:55:00.000",
        "value": 0
      },
      {
        "localTime": "03:56:00.000",
        "value": 0
      },
      {
        "localTime": "03:57:00.000",
        "value": 0
      },
      {
        "localTime": "03:58:00.000",
        "value": 0
      },
      {
        "localTime": "03:59:00.000",
        "value": 0
      },
      {
        "localTime": "04:00:00.000",
        "value": 0
      },
      {
        "localTime": "04:01:00.000",
        "value": 0
      },
      {
        "localTime": "04:02:00.000",
        "value": 0
      },
      {
        "localTime": "04:03:00.000",
        "value": 0
      },
      {
        "localTime": "04:04:00.000",
        "value": 0
      },
      {
        "localTime": "04:05:00.000",
        "value": 0
      },
      {
        "localTime": "04:06:00.000",
        "value": 0
      },
      {
        "localTime": "04:07:00.000",
        "value": 0
      },
      {
        "localTime": "04:08:00.000",
        "value": 0
      },
      {
        "localTime": "04:09:00.000",
        "value": 0
      },
      {
        "localTime": "04:10:00.000",
        "value": 0
      },
      {
        "localTime": "04:11:00.000",
        "value": 0
      },
      {
        "localTime": "04:12:00.000",
        "value": 0
      },
      {
        "localTime": "04:13:00.000",
        "value": 0
      },
      {
        "localTime": "04:14:00.000",
        "value": 0
      },
      {
        "localTime": "04:15:00.000",
        "value": 0
      },
      {
        "localTime": "04:16:00.000",
        "value": 0
      },
      {
        "localTime": "04:17:00.000",
        "value": 0
      },
      {
        "localTime": "04:18:00.000",
        "value": 0
      },
      {
        "localTime": "04:19:00.000",
        "value": 0
      },
      {
        "localTime": "04:20:00.000",
        "value": 0
      },
      {
        "localTime": "04:21:00.000",
        "value": 0
      },
      {
        "localTime": "04:22:00.000",
        "value": 0
      },
      {
        "localTime": "04:23:00.000",
        "value": 0
      },
      {
        "localTime": "04:24:00.000",
        "value": 0
      },
      {
        "localTime": "04:25:00.000",
        "value": 0
      },
      {
        "localTime": "04:26:00.000",
        "value": 0
      },
      {
        "localTime": "04:27:00.000",
        "value": 0
      },
      {
        "localTime": "04:28:00.000",
        "value": 0
      },
      {
        "localTime": "04:29:00.000",
        "value": 0
      },
      {
        "localTime": "04:30:00.000",
        "value": 0
      },
      {
        "localTime": "04:31:00.000",
        "value": 0
      },
      {
        "localTime": "04:32:00.000",
        "value": 0
      },
      {
        "localTime": "04:33:00.000",
        "value": 0
      },
      {
        "localTime": "04:34:00.000",
        "value": 0
      },
      {
        "localTime": "04:35:00.000",
        "value": 0
      },
      {
        "localTime": "04:36:00.000",
        "value": 0
      },
      {
        "localTime": "04:37:00.000",
        "value": 0
      },
      {
        "localTime": "04:38:00.000",
        "value": 0
      },
      {
        "localTime": "04:39:00.000",
        "value": 22
      },
      {
        "localTime": "04:40:00.000",
        "value": 0
      },
      {
        "localTime": "04:41:00.000",
        "value": 0
      },
      {
        "localTime": "04:42:00.000",
        "value": 20
      },
      {
        "localTime": "04:43:00.000",
        "value": 0
      },
      {
        "localTime": "04:44:00.000",
        "value": 0
      },
      {
        "localTime": "04:45:00.000",
        "value": 0
      },
      {
        "localTime": "04:46:00.000",
        "value": 0
      },
      {
        "localTime": "04:47:00.000",
        "value": 0
      },
      {
        "localTime": "04:48:00.000",
        "value": 0
      },
      {
        "localTime": "04:49:00.000",
        "value": 20
      },
      {
        "localTime": "04:50:00.000",
        "value": 28
      },
      {
        "localTime": "04:51:00.000",
        "value": 0
      },
      {
        "localTime": "04:52:00.000",
        "value": 0
      },
      {
        "localTime": "04:53:00.000",
        "value": 100
      },
      {
        "localTime": "04:54:00.000",
        "value": 101
      },
      {
        "localTime": "04:55:00.000",
        "value": 105
      },
      {
        "localTime": "04:56:00.000",
        "value": 103
      },
      {
        "localTime": "04:57:00.000",
        "value": 105
      },
      {
        "localTime": "04:58:00.000",
        "value": 103
      },
      {
        "localTime": "04:59:00.000",
        "value": 105
      },
      {
        "localTime": "05:00:00.000",
        "value": 101
      },
      {
        "localTime": "05:01:00.000",
        "value": 105
      },
      {
        "localTime": "05:02:00.000",
        "value": 105
      },
      {
        "localTime": "05:03:00.000",
        "value": 103
      },
      {
        "localTime": "05:04:00.000",
        "value": 107
      },
      {
        "localTime": "05:05:00.000",
        "value": 107
      },
      {
        "localTime": "05:06:00.000",
        "value": 103
      },
      {
        "localTime": "05:07:00.000",
        "value": 101
      },
      {
        "localTime": "05:08:00.000",
        "value": 109
      },
      {
        "localTime": "05:09:00.000",
        "value": 103
      },
      {
        "localTime": "05:10:00.000",
        "value": 105
      },
      {
        "localTime": "05:11:00.000",
        "value": 141
      },
      {
        "localTime": "05:12:00.000",
        "value": 152
      },
      {
        "localTime": "05:13:00.000",
        "value": 107
      },
      {
        "localTime": "05:14:00.000",
        "value": 109
      },
      {
        "localTime": "05:15:00.000",
        "value": 135
      },
      {
        "localTime": "05:16:00.000",
        "value": 143
      },
      {
        "localTime": "05:17:00.000",
        "value": 113
      },
      {
        "localTime": "05:18:00.000",
        "value": 109
      },
      {
        "localTime": "05:19:00.000",
        "value": 135
      },
      {
        "localTime": "05:20:00.000",
        "value": 139
      },
      {
        "localTime": "05:21:00.000",
        "value": 113
      },
      {
        "localTime": "05:22:00.000",
        "value": 107
      },
      {
        "localTime": "05:23:00.000",
        "value": 141
      },
      {
        "localTime": "05:24:00.000",
        "value": 147
      },
      {
        "localTime": "05:25:00.000",
        "value": 119
      },
      {
        "localTime": "05:26:00.000",
        "value": 109
      },
      {
        "localTime": "05:27:00.000",
        "value": 141
      },
      {
        "localTime": "05:28:00.000",
        "value": 143
      },
      {
        "localTime": "05:29:00.000",
        "value": 115
      },
      {
        "localTime": "05:30:00.000",
        "value": 103
      },
      {
        "localTime": "05:31:00.000",
        "value": 124
      },
      {
        "localTime": "05:32:00.000",
        "value": 105
      },
      {
        "localTime": "05:33:00.000",
        "value": 111
      },
      {
        "localTime": "05:34:00.000",
        "value": 99
      },
      {
        "localTime": "05:35:00.000",
        "value": 103
      },
      {
        "localTime": "05:36:00.000",
        "value": 107
      },
      {
        "localTime": "05:37:00.000",
        "value": 111
      },
      {
        "localTime": "05:38:00.000",
        "value": 141
      },
      {
        "localTime": "05:39:00.000",
        "value": 149
      },
      {
        "localTime": "05:40:00.000",
        "value": 115
      },
      {
        "localTime": "05:41:00.000",
        "value": 113
      },
      {
        "localTime": "05:42:00.000",
        "value": 143
      },
      {
        "localTime": "05:43:00.000",
        "value": 149
      },
      {
        "localTime": "05:44:00.000",
        "value": 113
      },
      {
        "localTime": "05:45:00.000",
        "value": 124
      },
      {
        "localTime": "05:46:00.000",
        "value": 143
      },
      {
        "localTime": "05:47:00.000",
        "value": 147
      },
      {
        "localTime": "05:48:00.000",
        "value": 107
      },
      {
        "localTime": "05:49:00.000",
        "value": 103
      },
      {
        "localTime": "05:50:00.000",
        "value": 143
      },
      {
        "localTime": "05:51:00.000",
        "value": 147
      },
      {
        "localTime": "05:52:00.000",
        "value": 117
      },
      {
        "localTime": "05:53:00.000",
        "value": 116
      },
      {
        "localTime": "05:54:00.000",
        "value": 139
      },
      {
        "localTime": "05:55:00.000",
        "value": 149
      },
      {
        "localTime": "05:56:00.000",
        "value": 111
      },
      {
        "localTime": "05:57:00.000",
        "value": 109
      },
      {
        "localTime": "05:58:00.000",
        "value": 113
      },
      {
        "localTime": "05:59:00.000",
        "value": 107
      },
      {
        "localTime": "06:00:00.000",
        "value": 109
      },
      {
        "localTime": "06:01:00.000",
        "value": 115
      },
      {
        "localTime": "06:02:00.000",
        "value": 113
      },
      {
        "localTime": "06:03:00.000",
        "value": 113
      },
      {
        "localTime": "06:04:00.000",
        "value": 111
      },
      {
        "localTime": "06:05:00.000",
        "value": 111
      },
      {
        "localTime": "06:06:00.000",
        "value": 113
      },
      {
        "localTime": "06:07:00.000",
        "value": 103
      },
      {
        "localTime": "06:08:00.000",
        "value": 111
      },
      {
        "localTime": "06:09:00.000",
        "value": 107
      },
      {
        "localTime": "06:10:00.000",
        "value": 111
      },
      {
        "localTime": "06:11:00.000",
        "value": 107
      },
      {
        "localTime": "06:12:00.000",
        "value": 107
      },
      {
        "localTime": "06:13:00.000",
        "value": 36
      },
      {
        "localTime": "06:14:00.000",
        "value": 12
      },
      {
        "localTime": "06:15:00.000",
        "value": 6
      },
      {
        "localTime": "06:16:00.000",
        "value": 16
      },
      {
        "localTime": "06:17:00.000",
        "value": 0
      },
      {
        "localTime": "06:18:00.000",
        "value": 0
      }
    ],
    "metSources": [
      ""
    ]
  },
  "physicalInformation": {
    "sex": "MALE",
    "birthday": "1978-10-05",
    "height, cm": 180.0,
    "weight, kg": 109.0,
    "restingHeartRate": 55,
    "sleepGoal": "PT28800S"
  }
}