{
  "exportVersion": "2.6",
  "date": "2025-02-28",
  "summary": {
    "startTime": "00:00:00.000",
    "endTime": "01:04:30.000",
    "stepCount": 352,
    "stepsDistance": 233.245361328125,
    "calories": 2227,
    "sleepQuality": 0.0,
    "sleepDuration": "PT0S",
    "inactivityAlertCount": 0,
    "dailyMetMinutes": 128.09999999999985,
    "activityLevels": [
      {
        "level": "NO_DATA",
        "duration": "PT0S"
      },
      {
        "level": "SLEEP",
        "duration": "PT60S"
      },
      {
        "level": "SEDENTARY",
        "duration": "PT0S"
      },
      {
        "level": "LIGHT",
        "duration": "PT570S"
      },
      {
        "level": "CONTINUOS_MODERATE",
        "duration": "PT810S"
      },
      {
        "level": "INTERMITTENT_MODERATE",
        "duration": "PT0S"
      },
      {
        "level": "CONTINUOS_VIGOROUS",
        "duration": "PT1230S"
      },
      {
        "level": "INTERMITTENT_VIGOROUS",
        "duration": "PT0S"
      },
      {
        "level": "NON_WEAR",
        "duration": "PT1200S"
      }
    ]
  },
  "samples": {
    "mets": [
      {
        "localTime": "00:00:00.000",
        "value": 0.875
      },
      {
        "localTime": "00:00:30.000",
        "value": 0.875
      },
      {
        "localTime": "00:01:00.000",
        "value": 0.875
      },
      {
        "localTime": "00:01:30.000",
        "value": 0.875
      },
      {
        "localTime": "00:02:00.000",
        "value": 0.875
      },
      {
        "localTime": "00:02:30.000",
        "value": 0.875
      },
      {
        "localTime": "00:03:00.000",
        "value": 0.875
      },
      {
        "localTime": "00:03:30.000",
        "value": 0.875
      },
      {
        "localTime": "00:04:00.000",
        "value": 0.875
      },
      {
        "localTime": "00:04:30.000",
        "value": 0.875
      },
      {
        "localTime": "00:05:00.000",
        "value": 0.875
      },
      {
        "localTime": "00:05:30.000",
        "value": 0.875
      },
      {
        "localTime": "00:06:00.000",
        "value": 0.875
      },
      {
        "localTime": "00:06:30.000",
        "value": 0.875
      },
      {
        "localTime": "00:07:00.000",
        "value": 0.875
      },
      {
        "localTime": "00:07:30.000",
        "value": 0.875
      },
      {
        "localTime": "00:08:00.000",
        "value": 0.875
      },
      {
        "localTime": "00:08:30.000",
        "value": 0.875
      },
      {
        "localTime": "00:09:00.000",
        "value": 0.875
      },
      {
        "localTime": "00:09:30.000",
        "value": 0.875
      },
      {
        "localTime": "00:10:00.000",
        "value": 0.875
      },
      {
        "localTime": "00:10:30.000",
        "value": 0.875
      },
      {
        "localTime": "00:11:00.000",
        "value": 0.875
      },
      {
        "localTime": "00:11:30.000",
        "value": 0.875
      },
      {
        "localTime": "00:12:00.000",
        "value": 0.875
      },
      {
        "localTime": "00:12:30.000",
        "value": 0.875
      },
      {
        "localTime": "00:13:00.000",
        "value": 0.875
      },
      {
        "localTime": "00:13:30.000",
        "value": 0.875
      },
      {
        "localTime": "00:14:00.000",
        "value": 0.875
      },
      {
        "localTime": "00:14:30.000",
        "value": 0.875
      },
      {
        "localTime": "00:15:00.000",
        "value": 0.875
      },
      {
        "localTime": "00:15:30.000",
        "value": 0.875
      },
      {
        "localTime": "00:16:00.000",
        "value": 0.875
      },
      {
        "localTime": "00:16:30.000",
        "value": 0.875
      },
      {
        "localTime": "00:17:00.000",
        "value": 0.875
      },
      {
        "localTime": "00:17:30.000",
        "value": 0.875
      },
      {
        "localTime": "00:18:00.000",
        "value": 0.875
      },
      {
        "localTime": "00:18:30.000",
        "value": 0.875
      },
      {
        "localTime": "00:19:00.000",
        "value": 0.875
      },
      {
        "localTime": "00:19:30.000",
        "value": 0.875
      },
      {
        "localTime": "00:20:00.000",
        "value": 0.875
      },
      {
        "localTime": "00:20:30.000",
        "value": 0.875
      },
      {
        "localTime": "00:21:00.000",
        "value": 2.625
      },
      {
        "localTime": "00:21:30.000",
        "value": 3.625
      },
      {
        "localTime": "00:22:00.000",
        "value": 3.375
      },
      {
        "localTime": "00:22:30.000",
        "value": 3.875
      },
      {
        "localTime": "00:23:00.000",
        "value": 3.75
      },
      {
        "localTime": "00:23:30.000",
        "value": 3.375
      },
      {
        "localTime": "00:24:00.000",
        "value": 2.25
      },
      {
        "localTime": "00:24:30.000",
        "value": 2.375
      },
      {
        "localTime": "00:25:00.000",
        "value": 2.625
      },
      {
        "localTime": "00:25:30.000",
        "value": 2.25
      },
      {
        "localTime": "00:26:00.000",
        "value": 2.75
      },
      {
        "localTime": "00:26:30.000",
        "value": 3.125
      },
      {
        "localTime": "00:27:00.000",
        "value": 3.25
      },
      {
        "localTime": "00:27:30.000",
        "value": 3.125
      },
      {
        "localTime": "00:28:00.000",
        "value": 2.875
      },
      {
        "localTime": "00:28:30.000",
        "value": 2.75
      },
      {
        "localTime": "00:29:00.000",
        "value": 2.25
      },
      {
        "localTime": "00:29:30.000",
        "value": 2.375
      },
      {
        "localTime": "00:30:00.000",
        "value": 2.75
      },
      {
        "localTime": "00:30:30.000",
        "value": 2.375
      },
      {
        "localTime": "00:31:00.000",
        "value": 2.375
      },
      {
        "localTime": "00:31:30.000",
        "value": 2.5
      },
      {
        "localTime": "00:32:00.000",
        "value": 2.375
      },
      {
        "localTime": "00:32:30.000",
        "value": 2.625
      },
      {
        "localTime": "00:33:00.000",
        "value": 4.625
      },
      {
        "localTime": "00:33:30.000",
        "value": 5.25
      },
      {
        "localTime": "00:34:00.000",
        "value": 5.875
      },
      {
        "localTime": "00:34:30.000",
        "value": 6.375
      },
      {
        "localTime": "00:35:00.000",
        "value": 6.125
      },
      {
        "localTime": "00:35:30.000",
        "value": 4.125
      },
      {
        "localTime": "00:36:00.000",
        "value": 4.125
      },
      {
        "localTime": "00:36:30.000",
        "value": 5.375
      },
      {
        "localTime": "00:37:00.000",
        "value": 5.0
      },
      {
        "localTime": "00:37:30.000",
        "value": 5.0
      },
      {
        "localTime": "00:38:00.000",
        "value": 4.875
      },
      {
        "localTime": "00:38:30.000",
        "value": 4.375
      },
      {
        "localTime": "00:39:00.000",
        "value": 5.0
      },
      {
        "localTime": "00:39:30.000",
        "value": 4.625
      },
      {
        "localTime": "00:40:00.000",
        "value": 4.125
      },
      {
        "localTime": "00:40:30.000",
        "value": 4.25
      },
      {
        "localTime": "00:41:00.000",
        "value": 4.5
      },
      {
        "localTime": "00:41:30.000",
        "value": 4.125
      },
      {
        "localTime": "00:42:00.000",
        "value": 4.125
      },
      {
        "localTime": "00:42:30.000",
        "value": 4.125
      },
      {
        "localTime": "00:43:00.000",
        "value": 4.375
      },
      {
        "localTime": "00:43:30.000",
        "value": 5.125
      },
      {
        "localTime": "00:44:00.000",
        "value": 5.875
      },
      {
        "localTime": "00:44:30.000",
        "value": 6.125
      },
      {
        "localTime": "00:45:00.000",
        "value": 6.0
      },
      {
        "localTime": "00:45:30.000",
        "value": 6.0
      },
      {
        "localTime": "00:46:00.000",
        "value": 5.875
      },
      {
        "localTime": "00:46:30.000",
        "value": 6.0
      },
      {
        "localTime": "00:47:00.000",
        "value": 6.125
      },
      {
        "localTime": "00:47:30.000",
        "value": 6.25
      },
      {
        "localTime": "00:48:00.000",
        "value": 6.25
      },
      {
        "localTime": "00:48:30.000",
        "value": 6.375
      },
      {
        "localTime": "00:49:00.000",
        "value": 6.375
      },
      {
        "localTime": "00:49:30.000",
        "value": 6.375
      },
      {
        "localTime": "00:50:00.000",
        "value": 6.5
      },
      {
        "localTime": "00:50:30.000",
        "value": 6.625
      },
      {
        "localTime": "00:51:00.000",
        "value": 6.375
      },
      {
        "localTime": "00:51:30.000",
        "value": 6.0
      },
      {
        "localTime": "00:52:00.000",
        "value": 5.75
      },
      {
        "localTime": "00:52:30.000",
        "value": 5.625
      },
      {
        "localTime": "00:53:00.000",
        "value": 5.375
      },
      {
        "localTime": "00:53:30.000",
        "value": 5.375
      },
      {
        "localTime": "00:54:00.000",
        "value": 5.375
      },
      {
        "localTime": "00:54:30.000",
        "value": 5.125
      },
      {
        "localTime": "00:55:00.000",
        "value": 5.375
      },
      {
        "localTime": "00:55:30.000",
        "value": 5.625
      },
      {
        "localTime": "00:56:00.000",
        "value": 5.5
      },
      {
        "localTime": "00:56:30.000",
        "value": 5.75
      },
      {
        "localTime": "00:57:00.000",
        "value": 6.75
      },
      {
        "localTime": "00:57:30.000",
        "value": 7.125
      },
      {
        "localTime": "00:58:00.000",
        "value": 7.375
      },
      {
        "localTime": "00:58:30.000",
        "value": 7.25
      },
      {
        "localTime": "00:59:00.000",
        "value": 7.25
      },
      {
        "localTime": "00:59:30.000",
        "value": 7.25
      },
      {
        "localTime": "01:00:00.000",
        "value": 7.0
      },
      {
        "localTime": "01:00:30.000",
        "value": 6.875
      },
      {
        "localTime": "01:01:00.000",
        "value": 7.0
      },
      {
        "localTime": "01:01:30.000",
        "value": 6.0
      },
      {
        "localTime": "01:02:00.000",
        "value": 4.5
      },
      {
        "localTime": "01:02:30.000",
        "value": 4.125
      },
      {
        "localTime": "01:03:00.000",
        "value": 3.5
      },
      {
        "localTime": "01:03:30.000",
        "value": 1.75
      },
      {
        "localTime": "01:04:00.000",
        "value": 1.875
      }
    ],
    "steps": [
      {
        "localTime": "00:00:00.000",
        "value": 0
      },
      {
        "localTime": "00:01:00.000",
        "value": 0
      },
      {
        "localTime": "00:02:00.000",
        "value": 0
      },
      {
        "localTime": "00:03:00.000",
        "value": 0
      },
      {
        "localTime": "00:04:00.000",
        "value": 0
      },
      {
        "localTime": "00:05:00.000",
        "value": 0
      },
      {
        "localTime": "00:06:00.000",
        "value": 0
      },
      {
        "localTime": "00:07:00.000",
        "value": 0
      },
      {
        "localTime": "00:08:00.000",
        "value": 0
      },
      {
        "localTime": "00:09:00.000",
        "value": 0
      },
      {
        "localTime": "00:10:00.000",
        "value": 0
      },
      {
        "localTime": "00:11:00.000",
        "value": 0
      },
      {
        "localTime": "00:12:00.000",
        "value": 0
      },
      {
        "localTime": "00:13:00.000",
        "value": 0
      },
      {
        "localTime": "00:14:00.000",
        "value": 0
      },
      {
        "localTime": "00:15:00.000",
        "value": 0
      },
      {
        "localTime": "00:16:00.000",
        "value": 0
      },
      {
        "localTime": "00:17:00.000",
        "value": 0
      },
      {
        "localTime": "00:18:00.000",
        "value": 0
      },
      {
        "localTime": "00:19:00.000",
        "value": 6
      },
      {
        "localTime": "00:20:00.000",
        "value": 92
      },
      {
        "localTime": "00:21:00.000",
        "value": 100
      },
      {
        "localTime": "00:22:00.000",
        "value": 12
      },
      {
        "localTime": "00:23:00.000",
        "value": 2
      },
      {
        "localTime": "00:24:00.000",
        "value": 2
      },
      {
        "localTime": "00:25:00.000",
        "value": 0
      },
      {
        "localTime": "00:26:00.000",
        "value": 0
      },
      {
        "localTime": "00:27:00.000",
        "value": 0
      },
      {
        "localTime": "00:28:00.000",
        "value": 0
      },
      {
        "localTime": "00:29:00.000",
        "value": 0
      },
      {
        "localTime": "00:30:00.000",
        "value": 0
      },
      {
        "localTime": "00:31:00.000",
        "value": 0
      },
      {
        "localTime": "00:32:00.000",
        "value": 0
      },
      {
        "localTime": "00:33:00.000",
        "value": 0
      },
      {
        "localTime": "00:34:00.000",
        "value": 0
      },
      {
        "localTime": "00:35:00.000",
        "value": 0
      },
      {
        "localTime": "00:36:00.000",
        "value": 0
      },
      {
        "localTime": "00:37:00.000",
        "value": 0
      },
      {
        "localTime": "00:38:00.000",
        "value": 0
      },
      {
        "localTime": "00:39:00.000",
        "value": 0
      },
      {
        "localTime": "00:40:00.000",
        "value": 0
      },
      {
        "localTime": "00:41:00.000",
        "value": 0
      },
      {
        "localTime": "00:42:00.000",
        "value": 0
      },
      {
        "localTime": "00:43:00.000",
        "value": 0
      },
      {
        "localTime": "00:44:00.000",
        "value": 0
      },
      {
        "localTime": "00:45:00.000",
        "value": 0
      },
      {
        "localTime": "00:46:00.000",
        "value": 2
      },
      {
        "localTime": "00:47:00.000",
        "value": 0
      },
      {
        "localTime": "00:48:00.000",
        "value": 0
      },
      {
        "localTime": "00:49:00.000",
        "value": 0
      },
      {
        "localTime": "00:50:00.000",
        "value": 0
      },
      {
        "localTime": "00:51:00.000",
        "value": 0
      },
      {
        "localTime": "00:52:00.000",
        "value": 0
      },
      {
        "localTime": "00:53:00.000",
        "value": 0
      },
      {
        "localTime": "00:54:00.000",
        "value": 0
      },
      {
        "localTime": "00:55:00.000",
        "value": 0
      },
      {
        "localTime": "00:56:00.000",
        "value": 6
      },
      {
        "localTime": "00:57:00.000",
        "value": 116
      },
      {
        "localTime": "00:58:00.000",
        "value": 4
      },
      {
        "localTime": "00:59:00.000",
        "value": 0
      },
      {
        "localTime": "01:00:00.000",
        "value": 2
      },
      {
        "localTime": "01:01:00.000",
        "value": 6
      },
      {
        "localTime": "01:02:00.000",
        "value": 2
      }
    ],
    "metSources": [
      ""
    ]
  },
  "physicalInformation": {
    "sex": "MALE",
    "birthday": "1978-10-05",
    "height, cm": 180.0,
    "weight, kg": 120.0,
    "restingHeartRate": 55,
    "sleepGoal": "PT28800S"
  }
}