{
  "exportVersion": "2.6",
  "perceivedRecovery": [],
  "physicalInformations": [
    {
      "dateTime": "2017-01-01T12:34:42.000",
      "height, cm": 180.0,
      "weight, kg": 119.0,
      "trainingBackground": "REGULAR",
      "vo2Max": 33,
      "maximumHeartRate": 182,
      "restingHeartRate": 55,
      "aerobicThreshold": 137,
      "anaerobicThreshold": 164,
      "typicalDay": "MOSTLY_SITTING"
    },
    {
      "dateTime": "2017-01-01T23:49:54.000",
      "height, cm": 180.0,
      "weight, kg": 119.0,
      "trainingBackground": "HEAVY",
      "vo2Max": 33,
      "maximumHeartRate": 182,
      "restingHeartRate": 55,
      "aerobicThreshold": 137,
      "anaerobicThreshold": 164,
      "typicalDay": "MOSTLY_SITTING"
    },
    {
      "dateTime": "2021-07-16T18:40:56.000",
      "height, cm": 180.0,
      "weight, kg": 119.0,
      "trainingBackground": "HEAVY",
      "vo2Max": 31,
      "maximumHeartRate": 177,
      "restingHeartRate": 55,
      "aerobicThreshold": 133,
      "anaerobicThreshold": 159,
      "typicalDay": "MOSTLY_SITTING"
    },
    {
      "dateTime": "2021-07-18T07:02:04.000",
      "height, cm": 180.0,
      "weight, kg": 119.0,
      "trainingBackground": "HEAVY",
      "typicalDay": "MOSTLY_STANDING"
    },
    {
      "dateTime": "2021-07-18T07:23:57.000",
      "height, cm": 170.0,
      "weight, kg": 70.0,
      "trainingBackground": "REGULAR",
      "vo2Max": 48,
      "maximumHeartRate": 179,
      "restingHeartRate": 55,
      "aerobicThreshold": 134,
      "anaerobicThreshold": 161,
      "typicalDay": "MOSTLY_SITTING"
    },
    {
      "dateTime": "2021-10-05T00:00:02.000",
      "height, cm": 180.0,
      "weight, kg": 119.0,
      "trainingBackground": "HEAVY",
      "vo2Max": 31,
      "maximumHeartRate": 177,
      "restingHeartRate": 55,
      "aerobicThreshold": 133,
      "anaerobicThreshold": 159,
      "typicalDay": "MOSTLY_STANDING"
    },
    {
      "dateTime": "2024-07-08T19:23:23.000",
      "height, cm": 180.0,
      "weight, kg": 120.4,
      "trainingBackground": "REGULAR",
      "vo2Max": 29,
      "maximumHeartRate": 175,
      "restingHeartRate": 55,
      "aerobicThreshold": 131,
      "anaerobicThreshold": 158,
      "typicalDay": "MOSTLY_STANDING"
    },
    {
      "dateTime": "2024-12-31T13:47:08.000",
      "height, cm": 180.0,
      "weight, kg": 120.4,
      "trainingBackground": "REGULAR",
      "vo2Max": 29,
      "maximumHeartRate": 174,
      "restingHeartRate": 55,
      "aerobicThreshold": 131,
      "anaerobicThreshold": 157,
      "typicalDay": "MOSTLY_STANDING"
    },
    {
      "dateTime": "2025-07-17T16:01:11.000",
      "height, cm": 180.0,
      "weight, kg": 109.0,
      "trainingBackground": "FREQUENT",
      "restingHeartRate": 55,
      "typicalDay": "MOSTLY_STANDING"
    }
  ],
  "notes": [],
  "feelings": [
    {
      "value": "GREAT",
      "date": "2025-07-17"
    }
  ],
  "weights": [
    {
      "weight": 119.0,
      "date": "2017-01-01"
    },
    {
      "weight": 119.0,
      "date": "2017-01-01"
    },
    {
      "weight": 119.0,
      "date": "2021-07-16"
    },
    {
      "weight": 119.0,
      "date": "2021-07-18"
    },
    {
      "weight": 119.0,
      "date": "2021-07-18"
    },
    {
      "weight": 119.0,
      "date": "2021-07-18"
    },
    {
      "weight": 119.0,
      "date": "2021-10-05"
    },
    {
      "weight": 120.4,
      "date": "2022-01-22"
    },
    {
      "weight": 120.4,
      "date": "2024-07-08"
    },
    {
      "weight": 120.4,
      "date": "2024-12-31"
    },
    {
      "weight": 109.0,
      "date": "2025-07-07"
    },
    {
      "weight": 109.0,
      "date": "2025-07-07"
    },
    {
      "weight": 109.0,
      "date": "2025-07-17"
    }
  ],
  "feedbacks": []
}